origin,destination,distance,duration
6500 Castor Ave,6434 Castor Ave,30,10
2703 Tasker St,2703 Tasker St,0,0
4355 Paul St,4667 Paul St.,644,161
100 E. Lehigh Ave.,100 E. Lehigh Ave.,0,0
4355 Paul St,4355 Paul St,0,0
1801 W Diamond St,3101 Ridge Ave.,2190,443
4700 Wyalusing Ave.,769 N 39th St,1571,294
1801 W Diamond St,1510 W Oxford St,1573,393
1801 W Diamond St,1801 W Diamond St,0,0
704 W Girard Ave,704 W Girard Ave,0,0
2703 Tasker St,769 N 39th St,4800,869
704 W Girard Ave,2000 N 11th St,1826,361
4355 Paul St,537 E. Wyoming Ave.,3388,488
2703 Tasker St,1419 Wharton St,2402,498
4355 Paul St,169 W. Wyoming Ave.,4462,709
1801 W Diamond St,3001 Walnut St.,5676,1220
4355 Paul St,6434 Castor Ave,3621,669
2703 Tasker St,1220 S. 58th St,6167,913
1801 W Diamond St,2000 N 11th St,1577,420
735 W. Butler St.,537 E. Wyoming Ave.,3204,479
4355 Paul St,900 E Howell St,3390,664
2703 Tasker St,3101 Ridge Ave.,8818,838
2703 Tasker St,2455 S. 3rd Street,4818,1003
100 E. Lehigh Ave.,521-23 W. Lehigh Ave.,1338,299
4355 Paul St,3001 Walnut St.,14618,1173
2703 Tasker St,3001 Walnut St.,4116,477
4355 Paul St,4520 Benner St,2943,556
2703 Tasker St,8398 Lindbergh Blvd,11349,868
4355 Paul St,6500 Castor Ave,3621,662
3001 Walnut St.,169 W. Wyoming Ave.,14545,1078
735 W. Butler St.,169 W. Wyoming Ave.,2983,456
3001 Walnut St.,4700 Wyalusing Ave.,4116,708
4355 Paul St,2455 S. 3rd Street,15770,1039
704 W Girard Ave,769 N 39th St,6064,976
6500 Castor Ave,735 W. Butler St.,7832,1001
100 E. Lehigh Ave.,169 W. Wyoming Ave.,4157,785
3001 Walnut St.,8398 Lindbergh Blvd,12878,1029
3001 Walnut St.,537 E. Wyoming Ave.,16349,1270
2703 Tasker St,1801 W Diamond St,10045,1100
8398 Lindbergh Blvd,3001 Walnut St.,13620,1098
704 W Girard Ave,1510 W Oxford St,1929,344
1801 W Diamond St,537 E. Wyoming Ave.,6676,1002
100 E. Lehigh Ave.,769 N 39th St,11132,1266
1801 W Diamond St,4700 Wyalusing Ave.,6504,1125
4667 Paul St.,2703 Tasker St,18311,1447
1801 W Diamond St,521-23 W. Lehigh Ave.,2720,497
735 W. Butler St.,900 E Howell St,7166,1016
1510 W Oxford St,1419 Wharton St,5850,1257
1801 W Diamond St,4355 Paul St,8479,1329
704 W Girard Ave,537 E. Wyoming Ave.,7173,1121
2703 Tasker St,169 W. Wyoming Ave.,17141,1024
3001 Walnut St.,3001 Walnut St.,0,0
1801 W Diamond St,180 E Tulpehocken St,11554,1357
1801 W Diamond St,2703 Tasker St,11501,1493
2703 Tasker St,4355 Paul St,17300,1169
100 E. Lehigh Ave.,1801 W Diamond St,4138,821
4355 Paul St,1801 W Diamond St,8757,1369
704 W Girard Ave,100 E. Lehigh Ave.,3963,720
2703 Tasker St,2000 N 11th St,9172,1090
704 W Girard Ave,1801 W Diamond St,3093,540
2703 Tasker St,4700 Wyalusing Ave.,8823,931
704 W Girard Ave,4355 Paul St,9925,1000
2703 Tasker St,935 S 53rd St,4607,732
1801 W Diamond St,704 W Girard Ave,3191,657
6500 Castor Ave,900 E Howell St,1950,268
3001 Walnut St.,769 N 39th St,2935,522
1801 W Diamond St,1220 S. 58th St,11115,1822
100 E. Lehigh Ave.,4355 Paul St,4704,828
1801 W Diamond St,769 N 39th St,5962,942
704 W Girard Ave,521-23 W. Lehigh Ave.,2842,498
4355 Paul St,2000 N 11th St,12881,1226
100 E. Lehigh Ave.,4667 Paul St.,5158,937
1220 S. 58th St,169 W. Wyoming Ave.,16572,1667
3001 Walnut St.,6434 Castor Ave,19873,1653
4355 Paul St,521-23 W. Lehigh Ave.,5813,1016
100 E. Lehigh Ave.,3001 Walnut St.,10809,1221
4355 Paul St,3101 Ridge Ave.,16948,1259
704 W Girard Ave,3001 Walnut St.,6641,947
704 W Girard Ave,2455 S. 3rd Street,9610,977
4355 Paul St,8398 Lindbergh Blvd,25049,1364
1419 Wharton St,704 W Girard Ave,5396,1093
6500 Castor Ave,6500 Castor Ave,0,0
3001 Walnut St.,4520 Benner St,17280,1397
4355 Paul St,735 W. Butler St.,5953,889
1801 W Diamond St,735 W. Butler St.,4380,823
704 W Girard Ave,169 W. Wyoming Ave.,6651,1033
2703 Tasker St,900 E Howell St,21412,1543
3001 Walnut St.,935 S 53rd St,4903,752
1801 W Diamond St,6500 Castor Ave,11649,1578
6500 Castor Ave,537 E. Wyoming Ave.,4699,619
100 E. Lehigh Ave.,537 E. Wyoming Ave.,3940,638
4355 Paul St,1510 W Oxford St,10699,1278
1801 W Diamond St,100 E. Lehigh Ave.,3872,776
2703 Tasker St,6500 Castor Ave,22468,1593
100 E. Lehigh Ave.,735 W. Butler St.,3916,799
704 W Girard Ave,8398 Lindbergh Blvd,17902,1328
1510 W Oxford St,6434 Castor Ave,12265,1640
100 E. Lehigh Ave.,6434 Castor Ave,8359,1175
100 E. Lehigh Ave.,3101 Ridge Ave.,5342,989
4355 Paul St,100 E. Lehigh Ave.,5033,903
1801 W Diamond St,900 E Howell St,10602,1531
704 W Girard Ave,900 E Howell St,11123,1629
100 E. Lehigh Ave.,6500 Castor Ave,8359,1169
1801 W Diamond St,169 W. Wyoming Ave.,6154,914
3001 Walnut St.,704 W Girard Ave,6645,951
1801 W Diamond St,1419 Wharton St,6835,1440
3001 Walnut St.,2455 S. 3rd Street,10487,1082
735 W. Butler St.,769 N 39th St,12743,1085
100 E. Lehigh Ave.,180 E Tulpehocken St,9527,1588
3001 Walnut St.,180 E Tulpehocken St,14949,1318
521-23 W. Lehigh Ave.,1419 Wharton St,11517,1516
100 E. Lehigh Ave.,4520 Benner St,7329,1255
4355 Paul St,769 N 39th St,14941,1218
704 W Girard Ave,3101 Ridge Ave.,4079,750
100 E. Lehigh Ave.,2000 N 11th St,3283,673
2703 Tasker St,4520 Benner St,19378,1350
4355 Paul St,1419 Wharton St,14416,1314
704 W Girard Ave,1419 Wharton St,5736,1110
6500 Castor Ave,4520 Benner St,3297,534
2703 Tasker St,180 E Tulpehocken St,17544,1264
100 E. Lehigh Ave.,900 E Howell St,7889,1146
100 E. Lehigh Ave.,1510 W Oxford St,4657,870
3001 Walnut St.,1419 Wharton St,4417,920
2703 Tasker St,6434 Castor Ave,22468,1599
3001 Walnut St.,2703 Tasker St,4394,859
2703 Tasker St,4667 Paul St.,18490,1325
1801 W Diamond St,2455 S. 3rd Street,12238,1347
735 W. Butler St.,2455 S. 3rd Street,15110,1578
2703 Tasker St,100 E. Lehigh Ave.,13331,1184
3001 Walnut St.,1510 W Oxford St,6205,1015
1801 W Diamond St,935 S 53rd St,10238,1667
100 E. Lehigh Ave.,704 W Girard Ave,4120,812
3101 Ridge Ave.,1801 W Diamond St,1920,353
704 W Girard Ave,180 E Tulpehocken St,17697,1460
704 W Girard Ave,735 W. Butler St.,5421,991
6500 Castor Ave,169 W. Wyoming Ave.,5625,715
2703 Tasker St,537 E. Wyoming Ave.,18945,1216
521-23 W. Lehigh Ave.,2455 S. 3rd Street,12871,1241
100 E. Lehigh Ave.,2455 S. 3rd Street,11961,1087
3101 Ridge Ave.,1510 W Oxford St,2913,600
3001 Walnut St.,900 E Howell St,18816,1597
1510 W Oxford St,2455 S. 3rd Street,11253,1164
4355 Paul St,2703 Tasker St,17384,1333
1510 W Oxford St,2000 N 11th St,1435,354
6500 Castor Ave,4355 Paul St,4391,703
3001 Walnut St.,521-23 W. Lehigh Ave.,8979,1381
1419 Wharton St,1220 S. 58th St,8638,1260
2703 Tasker St,704 W Girard Ave,8743,904
100 E. Lehigh Ave.,935 S 53rd St,15279,1532
3001 Walnut St.,3101 Ridge Ave.,5582,871
704 W Girard Ave,2703 Tasker St,9407,1107
704 W Girard Ave,4667 Paul St.,11115,1156
6500 Castor Ave,4667 Paul St.,3336,582
4355 Paul St,2059 E Chelten Ave,2349,453
3001 Walnut St.,1220 S. 58th St,5780,907
1801 W Diamond St,8398 Lindbergh Blvd,21517,1672
3101 Ridge Ave.,769 N 39th St,4291,578
3101 Ridge Ave.,3101 Ridge Ave.,0,0
1510 W Oxford St,3101 Ridge Ave.,2442,515
1510 W Oxford St,3223 W Clifford St,2548,580
4355 Paul St,180 E Tulpehocken St,10879,1576
3101 Ridge Ave.,3223 W Clifford St,1125,211
100 E. Lehigh Ave.,2703 Tasker St,13575,1381
4355 Paul St,1220 S. 58th St,20648,1665
4355 Paul St,4700 Wyalusing Ave.,16953,1352
735 W. Butler St.,735 W. Butler St.,0,0
100 E. Lehigh Ave.,1220 S. 58th St,16839,1713
4700 Wyalusing Ave.,3223 W Clifford St,3735,638
704 W Girard Ave,1220 S. 58th St,12671,1439
100 E. Lehigh Ave.,8398 Lindbergh Blvd,21240,1412
3001 Walnut St.,1801 W Diamond St,6809,1133
100 E. Lehigh Ave.,4700 Wyalusing Ave.,13144,1401
1801 W Diamond St,6434 Castor Ave,11648,1584
1510 W Oxford St,769 N 39th St,5370,884
3101 Ridge Ave.,735 W. Butler St.,8375,806
3101 Ridge Ave.,180 E Tulpehocken St,9108,920
6500 Castor Ave,2059 E Chelten Ave,3560,531
1510 W Oxford St,1510 W Oxford St,0,0
3001 Walnut St.,4667 Paul St.,16392,1372
2703 Tasker St,521-23 W. Lehigh Ave.,11077,1335
6500 Castor Ave,935 S 53rd St,24423,1979
3101 Ridge Ave.,2000 N 11th St,3255,679
704 W Girard Ave,935 S 53rd St,11111,1258
704 W Girard Ave,4520 Benner St,12003,1181
6500 Castor Ave,521-23 W. Lehigh Ave.,9253,1292
3101 Ridge Ave.,704 W Girard Ave,4062,783
100 E. Lehigh Ave.,1419 Wharton St,10607,1362
3101 Ridge Ave.,2703 Tasker St,9830,1129
3101 Ridge Ave.,2455 S. 3rd Street,15354,1247
3001 Walnut St.,735 W. Butler St.,14635,1176
3101 Ridge Ave.,935 S 53rd St,8566,1303
3101 Ridge Ave.,4700 Wyalusing Ave.,4832,761
3001 Walnut St.,100 E. Lehigh Ave.,11233,1231
3101 Ridge Ave.,2059 E Chelten Ave,14785,1473
3101 Ridge Ave.,2530 Wharton St,9546,1067
521-23 W. Lehigh Ave.,2000 N 11th St,1944,387
100 E. Lehigh Ave.,2059 E Chelten Ave,6678,1136
3001 Walnut St.,2000 N 11th St,7075,1136
1510 W Oxford St,1220 S. 58th St,12283,1619
521-23 W. Lehigh Ave.,3223 W Clifford St,4611,814
735 W. Butler St.,1801 W Diamond St,3979,694
1510 W Oxford St,3001 Walnut St.,4610,1068
521-23 W. Lehigh Ave.,704 W Girard Ave,2834,561
1510 W Oxford St,4700 Wyalusing Ave.,5911,1066
2703 Tasker St,2059 E Chelten Ave,18426,1243
3101 Ridge Ave.,3001 Walnut St.,5674,917
6500 Castor Ave,769 N 39th St,17389,1445
6500 Castor Ave,2000 N 11th St,10821,1531
4700 Wyalusing Ave.,3001 Walnut St.,3912,797
735 W. Butler St.,521-23 W. Lehigh Ave.,2669,453
521-23 W. Lehigh Ave.,537 E. Wyoming Ave.,4478,661
4700 Wyalusing Ave.,2530 Wharton St,8844,1032
6027 Chestnut St,1220 S. 58th St,2573,452
735 W. Butler St.,2059 E Chelten Ave,7282,1169
1510 W Oxford St,180 E Tulpehocken St,11807,1431
1801 W Diamond St,3223 W Clifford St,2731,573
4355 Paul St,3223 W Clifford St,15986,1129
4700 Wyalusing Ave.,3101 Ridge Ave.,4697,768
3101 Ridge Ave.,100 E. Lehigh Ave.,5154,964
3101 Ridge Ave.,1419 Wharton St,9866,1286
521-23 W. Lehigh Ave.,735 W. Butler St.,2726,532
735 W. Butler St.,3223 W Clifford St,6463,1030
735 W. Butler St.,100 E. Lehigh Ave.,3683,659
1510 W Oxford St,2703 Tasker St,9019,1288
4700 Wyalusing Ave.,521-23 W. Lehigh Ave.,8181,1400
3101 Ridge Ave.,900 E Howell St,12555,1227
5901 Larchwood Ave,5901 Larchwood Ave,0,0
704 W Girard Ave,2530 Wharton St,9123,1046
1510 W Oxford St,537 E. Wyoming Ave.,7293,1057
3101 Ridge Ave.,4355 Paul St,13576,1380
521-23 W. Lehigh Ave.,521-23 W. Lehigh Ave.,0,0
735 W. Butler St.,4355 Paul St,5195,848
3001 Walnut St.,2530 Wharton St,4110,798
6500 Castor Ave,4700 Wyalusing Ave.,18016,1521
1510 W Oxford St,935 S 53rd St,10723,1438
4700 Wyalusing Ave.,1220 S. 58th St,4405,771
704 W Girard Ave,6500 Castor Ave,14243,1490
6500 Castor Ave,3101 Ridge Ave.,13624,1298
6500 Castor Ave,2703 Tasker St,22719,1829
3101 Ridge Ave.,4520 Benner St,15416,1481
4700 Wyalusing Ave.,935 S 53rd St,3662,648
735 W. Butler St.,2000 N 11th St,3739,672
6500 Castor Ave,100 E. Lehigh Ave.,8670,1248
521-23 W. Lehigh Ave.,1801 W Diamond St,2801,522
735 W. Butler St.,704 W Girard Ave,5086,901
735 W. Butler St.,180 E Tulpehocken St,6492,999
3001 Walnut St.,6500 Castor Ave,19873,1647
4700 Wyalusing Ave.,1419 Wharton St,9164,1251
6500 Castor Ave,1419 Wharton St,18646,1819
1510 W Oxford St,169 W. Wyoming Ave.,6770,970
6500 Castor Ave,704 W Girard Ave,15775,1488
100 E. Lehigh Ave.,3223 W Clifford St,5949,1113
3101 Ridge Ave.,6434 Castor Ave,13612,1283
3101 Ridge Ave.,521-23 W. Lehigh Ave.,4002,685
2703 Tasker St,2530 Wharton St,813,175
735 W. Butler St.,2530 Wharton St,17788,1407
735 W. Butler St.,935 S 53rd St,19776,1619
4355 Paul St,704 W Girard Ave,11545,983
1801 W Diamond St,4520 Benner St,11104,1747
6500 Castor Ave,3001 Walnut St.,19994,1625
1510 W Oxford St,100 E. Lehigh Ave.,4488,832
3001 Walnut St.,6027 Chestnut St,5370,748
3001 Walnut St.,3223 W Clifford St,4620,740
6500 Castor Ave,2455 S. 3rd Street,20000,1545
6500 Castor Ave,1220 S. 58th St,25983,2160
4355 Paul St,935 S 53rd St,19088,1483
704 W Girard Ave,6434 Castor Ave,14172,1494
1510 W Oxford St,735 W. Butler St.,4997,879
1801 W Diamond St,4667 Paul St.,8934,1438
521-23 W. Lehigh Ave.,900 E Howell St,8427,1169
4700 Wyalusing Ave.,704 W Girard Ave,6377,1129
1510 W Oxford St,704 W Girard Ave,2167,474
5901 Larchwood Ave,6027 Chestnut St,1146,229
5901 Larchwood Ave,1220 S. 58th St,1403,302
704 W Girard Ave,3223 W Clifford St,4654,806
1510 W Oxford St,2530 Wharton St,8735,1226
6500 Castor Ave,1510 W Oxford St,12245,1601
704 W Girard Ave,2059 E Chelten Ave,11051,1073
1510 W Oxford St,1801 W Diamond St,1164,241
3101 Ridge Ave.,8398 Lindbergh Blvd,18325,1349
4700 Wyalusing Ave.,4700 Wyalusing Ave.,0,0
521-23 W. Lehigh Ave.,3101 Ridge Ave.,4004,690
5901 Larchwood Ave,935 S 53rd St,1958,354
735 W. Butler St.,3101 Ridge Ave.,5226,872
521-23 W. Lehigh Ave.,180 E Tulpehocken St,8189,1289
521-23 W. Lehigh Ave.,100 E. Lehigh Ave.,1152,279
735 W. Butler St.,4520 Benner St,7933,1288
521-23 W. Lehigh Ave.,769 N 39th St,7777,1181
1510 W Oxford St,4667 Paul St.,9550,1493
4700 Wyalusing Ave.,537 E. Wyoming Ave.,14205,1136
1510 W Oxford St,900 E Howell St,11218,1587
4700 Wyalusing Ave.,5901 Larchwood Ave,3514,625
1510 W Oxford St,4520 Benner St,16383,1501
1801 W Diamond St,2059 E Chelten Ave,10453,1628
1510 W Oxford St,521-23 W. Lehigh Ave.,3337,553
3001 Walnut St.,4355 Paul St,15202,1215
735 W. Butler St.,1510 W Oxford St,4496,756
3101 Ridge Ave.,4667 Paul St.,13062,1320
2703 Tasker St,3223 W Clifford St,7856,707
4700 Wyalusing Ave.,4355 Paul St,17704,1368
735 W. Butler St.,4700 Wyalusing Ave.,13370,1161
4700 Wyalusing Ave.,735 W. Butler St.,12492,1042
1510 W Oxford St,2059 E Chelten Ave,15431,1393
4700 Wyalusing Ave.,6027 Chestnut St,3204,531
3101 Ridge Ave.,537 E. Wyoming Ave.,10089,899
735 W. Butler St.,6434 Castor Ave,7623,1016
6500 Castor Ave,180 E Tulpehocken St,11504,1443
1510 W Oxford St,4355 Paul St,14305,1319
704 W Girard Ave,4700 Wyalusing Ave.,8976,1127
4700 Wyalusing Ave.,6500 Castor Ave,17729,1513
3101 Ridge Ave.,169 W. Wyoming Ave.,8285,708
8398 Lindbergh Blvd,935 S 53rd St,6960,857
5901 Larchwood Ave,4700 Wyalusing Ave.,3513,622
6500 Castor Ave,1801 W Diamond St,11729,1539
521-23 W. Lehigh Ave.,1510 W Oxford St,3320,570
521-23 W. Lehigh Ave.,6434 Castor Ave,8897,1198
521-23 W. Lehigh Ave.,4355 Paul St,5614,982
4700 Wyalusing Ave.,2000 N 11th St,7238,1285
521-23 W. Lehigh Ave.,4520 Benner St,8239,1408
4700 Wyalusing Ave.,2455 S. 3rd Street,14653,1212
735 W. Butler St.,6500 Castor Ave,7623,1009
4700 Wyalusing Ave.,6434 Castor Ave,17729,1520
8398 Lindbergh Blvd,2455 S. 3rd Street,14348,1131
4700 Wyalusing Ave.,169 W. Wyoming Ave.,12401,945
2703 Tasker St,735 W. Butler St.,17231,1122
100 E. Lehigh Ave.,2530 Wharton St,13291,1319
4700 Wyalusing Ave.,4667 Paul St.,17179,1557
4700 Wyalusing Ave.,1801 W Diamond St,5924,1031
1510 W Oxford St,8398 Lindbergh Blvd,20532,1489
521-23 W. Lehigh Ave.,3001 Walnut St.,11719,1374
4355 Paul St,2530 Wharton St,17100,1271
3101 Ridge Ave.,1220 S. 58th St,9443,1458
521-23 W. Lehigh Ave.,169 W. Wyoming Ave.,3956,573
5901 Larchwood Ave,2530 Wharton St,5614,995
521-23 W. Lehigh Ave.,4667 Paul St.,6069,1090
735 W. Butler St.,4667 Paul St.,6157,921
6027 Chestnut St,2455 S. 3rd Street,15000,1579
6027 Chestnut St,3223 W Clifford St,6610,1084
521-23 W. Lehigh Ave.,2530 Wharton St,14201,1473
8398 Lindbergh Blvd,5901 Larchwood Ave,7997,1030
521-23 W. Lehigh Ave.,6500 Castor Ave,8897,1192
3001 Walnut St.,5901 Larchwood Ave,5336,776
4700 Wyalusing Ave.,2703 Tasker St,9128,1094
6500 Castor Ave,8398 Lindbergh Blvd,29279,1869
8398 Lindbergh Blvd,769 N 39th St,10104,1516
4700 Wyalusing Ave.,8398 Lindbergh Blvd,17623,1314
6500 Castor Ave,3223 W Clifford St,14343,1393
6027 Chestnut St,704 W Girard Ave,10482,1446
5901 Larchwood Ave,2703 Tasker St,5898,1056
521-23 W. Lehigh Ave.,2059 E Chelten Ave,7588,1289
5901 Larchwood Ave,2000 N 11th St,11402,1777
4700 Wyalusing Ave.,180 E Tulpehocken St,12805,1184
735 W. Butler St.,8398 Lindbergh Blvd,26567,1689
1510 W Oxford St,6027 Chestnut St,8782,1554
1510 W Oxford St,6500 Castor Ave,12265,1633
8398 Lindbergh Blvd,180 E Tulpehocken St,27048,1885
735 W. Butler St.,6027 Chestnut St,14812,1607
5901 Larchwood Ave,1419 Wharton St,7202,1317
5901 Larchwood Ave,3223 W Clifford St,7101,1222
5901 Larchwood Ave,3101 Ridge Ave.,8063,1352
2703 Tasker St,6027 Chestnut St,7236,1105
735 W. Butler St.,3001 Walnut St.,15347,1265
4355 Paul St,5901 Larchwood Ave,20369,1717
5901 Larchwood Ave,2455 S. 3rd Street,12239,1486
704 W Girard Ave,5901 Larchwood Ave,12392,1491
1510 W Oxford St,5901 Larchwood Ave,10078,1632
5901 Larchwood Ave,3001 Walnut St.,5704,924
521-23 W. Lehigh Ave.,4700 Wyalusing Ave.,8318,1364
735 W. Butler St.,1419 Wharton St,18109,1626
735 W. Butler St.,1220 S. 58th St,21336,1800
5901 Larchwood Ave,8398 Lindbergh Blvd,9160,1191
8398 Lindbergh Blvd,8398 Lindbergh Blvd,0,0
4700 Wyalusing Ave.,900 E Howell St,16672,1464
521-23 W. Lehigh Ave.,5901 Larchwood Ave,12486,1930
1801 W Diamond St,5901 Larchwood Ave,10671,1691
5901 Larchwood Ave,1510 W Oxford St,10533,1656
4700 Wyalusing Ave.,4520 Benner St,19782,1549
8398 Lindbergh Blvd,2530 Wharton St,8791,1079
735 W. Butler St.,5901 Larchwood Ave,15281,1766
4355 Paul St,6027 Chestnut St,20783,1743
8398 Lindbergh Blvd,4520 Benner St,28502,1730
8398 Lindbergh Blvd,521-23 W. Lehigh Ave.,21201,1671
8398 Lindbergh Blvd,4355 Paul St,26424,1549
4700 Wyalusing Ave.,2059 E Chelten Ave,18830,1441
2703 Tasker St,5901 Larchwood Ave,5888,965
4700 Wyalusing Ave.,100 E. Lehigh Ave.,13735,1383
4700 Wyalusing Ave.,1510 W Oxford St,5778,1085
5901 Larchwood Ave,169 W. Wyoming Ave.,15767,1529
521-23 W. Lehigh Ave.,1220 S. 58th St,17749,1866
3101 Ridge Ave.,5901 Larchwood Ave,8999,1327
521-23 W. Lehigh Ave.,935 S 53rd St,16189,1685
100 E. Lehigh Ave.,6027 Chestnut St,16974,1791
6500 Castor Ave,2530 Wharton St,22435,1767
1801 W Diamond St,6027 Chestnut St,9375,1613
1801 W Diamond St,1429 W Clearfield St,2489,470
3101 Ridge Ave.,6027 Chestnut St,7703,1249
521-23 W. Lehigh Ave.,2703 Tasker St,14485,1534
8398 Lindbergh Blvd,4700 Wyalusing Ave.,10071,1475
5901 Larchwood Ave,1801 W Diamond St,9290,1615
3001 Walnut St.,2059 E Chelten Ave,16328,1289
5901 Larchwood Ave,537 E. Wyoming Ave.,17571,1720
704 W Girard Ave,6027 Chestnut St,12806,1518
6500 Castor Ave,6027 Chestnut St,19459,1967
521-23 W. Lehigh Ave.,6027 Chestnut St,11190,1852
1419 Wharton St,5901 Larchwood Ave,7701,1369
735 W. Butler St.,1429 W Clearfield St,1750,343
5901 Larchwood Ave,521-23 W. Lehigh Ave.,11547,1984
1419 Wharton St,1419 Wharton St,0,0
8398 Lindbergh Blvd,3101 Ridge Ave.,18322,1459
5901 Larchwood Ave,769 N 39th St,5144,815
8398 Lindbergh Blvd,3223 W Clifford St,17360,1329
5901 Larchwood Ave,900 E Howell St,20038,2048
5901 Larchwood Ave,4520 Benner St,21608,2037
4667 Paul St.,4667 Paul St.,0,0
5901 Larchwood Ave,6500 Castor Ave,21095,2098
5901 Larchwood Ave,6434 Castor Ave,21095,2104
8398 Lindbergh Blvd,1510 W Oxford St,20413,1586
735 W. Butler St.,2703 Tasker St,18072,1468
5901 Larchwood Ave,2059 E Chelten Ave,20656,1930
6027 Chestnut St,6027 Chestnut St,0,0
6027 Chestnut St,5901 Larchwood Ave,991,197
5901 Larchwood Ave,704 W Girard Ave,10973,1591
8398 Lindbergh Blvd,6027 Chestnut St,9733,1259
1419 Wharton St,2530 Wharton St,2089,430
521-23 W. Lehigh Ave.,8398 Lindbergh Blvd,22150,1566
8398 Lindbergh Blvd,1801 W Diamond St,19549,1721
8398 Lindbergh Blvd,100 E. Lehigh Ave.,22455,1564
8398 Lindbergh Blvd,1220 S. 58th St,6581,796
1801 W Diamond St,2530 Wharton St,11217,1431
8398 Lindbergh Blvd,169 W. Wyoming Ave.,26645,1646
3101 Ridge Ave.,6500 Castor Ave,13612,1277
8398 Lindbergh Blvd,2000 N 11th St,20633,1548
5901 Larchwood Ave,735 W. Butler St.,15857,1627
100 E. Lehigh Ave.,5901 Larchwood Ave,16560,1765
1510 W Oxford St,1429 W Clearfield St,3106,525
521-23 W. Lehigh Ave.,1429 W Clearfield St,2021,328
8398 Lindbergh Blvd,6434 Castor Ave,30671,2043
8398 Lindbergh Blvd,900 E Howell St,30720,2157
8398 Lindbergh Blvd,537 E. Wyoming Ave.,28449,1837
5901 Larchwood Ave,4355 Paul St,19530,1856
6027 Chestnut St,4700 Wyalusing Ave.,3022,485
4667 Paul St.,1429 W Clearfield St,7655,1166
1419 Wharton St,2703 Tasker St,2372,463
100 E. Lehigh Ave.,1429 W Clearfield St,3359,628
8398 Lindbergh Blvd,1419 Wharton St,9659,1285
1419 Wharton St,3001 Walnut St.,3562,692
3101 Ridge Ave.,1429 W Clearfield St,3651,629
8398 Lindbergh Blvd,2703 Tasker St,8520,1021
8398 Lindbergh Blvd,704 W Girard Ave,19297,1306
6027 Chestnut St,769 N 39th St,4653,669
6027 Chestnut St,3101 Ridge Ave.,7572,1215
6027 Chestnut St,935 S 53rd St,2923,437
8398 Lindbergh Blvd,735 W. Butler St.,26735,1743
1419 Wharton St,2455 S. 3rd Street,3337,675
4667 Paul St.,4520 Benner St,2554,509
6500 Castor Ave,1429 W Clearfield St,9499,1188
8398 Lindbergh Blvd,2059 E Chelten Ave,27550,1622
4667 Paul St.,537 E. Wyoming Ave.,3877,599
1220 S. 58th St,1220 S. 58th St,0,0
1220 S. 58th St,935 S 53rd St,1160,194
4667 Paul St.,6434 Castor Ave,3636,663
4667 Paul St.,2059 E Chelten Ave,1961,406
5901 Larchwood Ave,180 E Tulpehocken St,16171,1769
1419 Wharton St,935 S 53rd St,6420,1136
1419 Wharton St,1510 W Oxford St,5387,1127
6027 Chestnut St,2703 Tasker St,6861,1111
4355 Paul St,1429 W Clearfield St,6560,1028
5901 Larchwood Ave,4667 Paul St.,20720,2012
1419 Wharton St,1801 W Diamond St,6552,1323
1419 Wharton St,1429 W Clearfield St,7930,1466
5901 Larchwood Ave,100 E. Lehigh Ave.,15561,1871
1419 Wharton St,735 W. Butler St.,17982,1555
6500 Castor Ave,5901 Larchwood Ave,19927,2126
1419 Wharton St,3101 Ridge Ave.,9569,1271
704 W Girard Ave,1429 W Clearfield St,4472,682
8398 Lindbergh Blvd,6500 Castor Ave,30743,2039
1419 Wharton St,180 E Tulpehocken St,18296,1697
6027 Chestnut St,537 E. Wyoming Ave.,17080,1583
6027 Chestnut St,2530 Wharton St,6578,1049
5901 Larchwood Ave,1429 W Clearfield St,16091,1763
4667 Paul St.,704 W Girard Ave,12472,1097
1220 S. 58th St,2703 Tasker St,5710,943
4667 Paul St.,100 E. Lehigh Ave.,5716,1055
6027 Chestnut St,1429 W Clearfield St,15600,1625
6027 Chestnut St,1419 Wharton St,8166,1372
1419 Wharton St,769 N 39th St,6497,1214
6027 Chestnut St,169 W. Wyoming Ave.,15276,1391
1419 Wharton St,8398 Lindbergh Blvd,10897,1131
1220 S. 58th St,8398 Lindbergh Blvd,7795,934
6027 Chestnut St,900 E Howell St,19547,1910
1419 Wharton St,3223 W Clifford St,8607,1141
4667 Paul St.,3001 Walnut St.,15545,1287
1419 Wharton St,2000 N 11th St,6257,1249
2703 Tasker St,1429 W Clearfield St,17465,1258
1220 S. 58th St,4700 Wyalusing Ave.,4317,761
3001 Walnut St.,1429 W Clearfield St,11058,1364
8398 Lindbergh Blvd,4667 Paul St.,27614,1705
1419 Wharton St,169 W. Wyoming Ave.,17892,1458
6027 Chestnut St,735 W. Butler St.,15366,1489
1419 Wharton St,4700 Wyalusing Ave.,7677,1400
6027 Chestnut St,3001 Walnut St.,5214,779
4667 Paul St.,4355 Paul St,1242,259
4667 Paul St.,3101 Ridge Ave.,17875,1373
4667 Paul St.,169 W. Wyoming Ave.,4951,820
4667 Paul St.,735 W. Butler St.,6636,1042
4700 Wyalusing Ave.,1429 W Clearfield St,12726,1178
1419 Wharton St,2059 E Chelten Ave,15844,1430
4667 Paul St.,3223 W Clifford St,16913,1243
1220 S. 58th St,2455 S. 3rd Street,11245,1307
4667 Paul St.,1510 W Oxford St,11625,1392
2703 Tasker St,1510 W Oxford St,8303,969
6027 Chestnut St,1510 W Oxford St,10042,1510
1419 Wharton St,6027 Chestnut St,8932,1440
4667 Paul St.,6500 Castor Ave,3636,657
1220 S. 58th St,1510 W Oxford St,10983,1628
1419 Wharton St,100 E. Lehigh Ave.,10749,1371
1419 Wharton St,537 E. Wyoming Ave.,19696,1649
4667 Paul St.,5901 Larchwood Ave,21296,1831
1220 S. 58th St,6027 Chestnut St,3168,489
4667 Paul St.,180 E Tulpehocken St,11374,1621
4667 Paul St.,521-23 W. Lehigh Ave.,6496,1169
4667 Paul St.,8398 Lindbergh Blvd,25976,1478
6027 Chestnut St,2000 N 11th St,10912,1632
1419 Wharton St,521-23 W. Lehigh Ave.,8161,1493
1419 Wharton St,900 E Howell St,19014,1964
6027 Chestnut St,8398 Lindbergh Blvd,10350,1341
4667 Paul St.,4700 Wyalusing Ave.,17880,1467
4667 Paul St.,1419 Wharton St,15343,1428
1220 S. 58th St,3101 Ridge Ave.,8867,1491
6027 Chestnut St,2059 E Chelten Ave,20165,1784
8398 Lindbergh Blvd,1429 W Clearfield St,26969,1879
1419 Wharton St,4520 Benner St,16796,1537
4667 Paul St.,900 E Howell St,3405,658
6027 Chestnut St,521-23 W. Lehigh Ave.,11056,1846
1419 Wharton St,4667 Paul St.,15909,1513
1220 S. 58th St,2000 N 11th St,11852,1749
1419 Wharton St,6434 Castor Ave,18965,1851
1220 S. 58th St,769 N 39th St,5586,949
1220 S. 58th St,704 W Girard Ave,11423,1563
1220 S. 58th St,4520 Benner St,22057,2009
1220 S. 58th St,3001 Walnut St.,6147,1058
1220 S. 58th St,1801 W Diamond St,10095,1753
4667 Paul St.,2000 N 11th St,13808,1340
6027 Chestnut St,1801 W Diamond St,8799,1477
4667 Paul St.,1801 W Diamond St,9851,1507
6027 Chestnut St,6500 Castor Ave,20604,1960
6027 Chestnut St,180 E Tulpehocken St,15680,1631
6027 Chestnut St,100 E. Lehigh Ave.,15070,1726
4667 Paul St.,2530 Wharton St,18027,1385
1220 S. 58th St,1419 Wharton St,7014,1204
1220 S. 58th St,735 W. Butler St.,16662,1765
6027 Chestnut St,4355 Paul St,19039,1711
4667 Paul St.,6027 Chestnut St,21710,1857
4667 Paul St.,2455 S. 3rd Street,16697,1153
1220 S. 58th St,521-23 W. Lehigh Ave.,13757,1994
1220 S. 58th St,4667 Paul St.,21170,1984
1419 Wharton St,6500 Castor Ave,19037,1847
4667 Paul St.,935 S 53rd St,20015,1598
1220 S. 58th St,4355 Paul St,19979,1828
1220 S. 58th St,6500 Castor Ave,21899,2236
1220 S. 58th St,3223 W Clifford St,7906,1361
6027 Chestnut St,4667 Paul St.,20229,1867
1220 S. 58th St,6434 Castor Ave,21899,2243
1220 S. 58th St,900 E Howell St,20843,2187
1220 S. 58th St,2530 Wharton St,5426,882
1220 S. 58th St,100 E. Lehigh Ave.,16010,1843
1220 S. 58th St,2059 E Chelten Ave,21105,1902
1419 Wharton St,4355 Paul St,14718,1356
1220 S. 58th St,180 E Tulpehocken St,16975,1907
4667 Paul St.,1220 S. 58th St,21575,1779
1220 S. 58th St,1429 W Clearfield St,16896,1901
4667 Paul St.,769 N 39th St,15868,1332
6027 Chestnut St,4520 Benner St,21117,1892
1220 S. 58th St,537 E. Wyoming Ave.,18376,1859
6027 Chestnut St,6434 Castor Ave,20604,1966
1220 S. 58th St,5901 Larchwood Ave,1432,260
4164 BARNETT ST,4520 Benner St,1041,210
537 E. Wyoming Ave.,169 W. Wyoming Ave.,1073,221
139 N 63RD ST,6027 Chestnut St,953,148
4164 BARNETT ST,4667 Paul St.,3437,693
2530 Wharton St,2703 Tasker St,832,150
2530 Wharton St,2530 Wharton St,0,0
1429 W Clearfield St,1429 W Clearfield St,0,0
769 N 39th St,769 N 39th St,0,0
139 N 63RD ST,769 N 39th St,4488,769
2530 Wharton St,1419 Wharton St,1588,323
1429 W Clearfield St,1801 W Diamond St,2265,451
2530 Wharton St,3001 Walnut St.,2702,563
180 E Tulpehocken St,180 E Tulpehocken St,0,0
4164 BARNETT ST,537 E. Wyoming Ave.,6866,849
4164 BARNETT ST,169 W. Wyoming Ave.,7792,944
2530 Wharton St,769 N 39th St,5060,956
1429 W Clearfield St,769 N 39th St,7081,1045
769 N 39th St,1510 W Oxford St,5217,910
139 N 63RD ST,5901 Larchwood Ave,1923,292
6434 Castor Ave,4667 Paul St.,3336,587
4520 Benner St,6500 Castor Ave,3129,517
537 E. Wyoming Ave.,537 E. Wyoming Ave.,0,0
1429 W Clearfield St,100 E. Lehigh Ave.,3589,683
2530 Wharton St,3101 Ridge Ave.,9650,988
1429 W Clearfield St,3223 W Clifford St,3916,677
4164 BARNETT ST,1510 W Oxford St,12901,1522
769 N 39th St,3223 W Clifford St,3174,463
4164 BARNETT ST,6434 Castor Ave,3044,481
2530 Wharton St,5901 Larchwood Ave,6163,1056
139 N 63RD ST,169 W. Wyoming Ave.,15015,1398
2530 Wharton St,1220 S. 58th St,6442,1004
3223 W Clifford St,1510 W Oxford St,3113,682
1429 W Clearfield St,3101 Ridge Ave.,3308,553
1429 W Clearfield St,521-23 W. Lehigh Ave.,2310,421
2530 Wharton St,3223 W Clifford St,8688,857
1429 W Clearfield St,735 W. Butler St.,2236,524
1429 W Clearfield St,704 W Girard Ave,4364,704
1429 W Clearfield St,2000 N 11th St,2751,477
4164 BARNETT ST,2059 E Chelten Ave,1636,288
769 N 39th St,2703 Tasker St,4820,1035
2530 Wharton St,704 W Girard Ave,9575,1054
537 E. Wyoming Ave.,1510 W Oxford St,7252,1027
1429 W Clearfield St,537 E. Wyoming Ave.,4686,717
139 N 63RD ST,2000 N 11th St,9852,1738
139 N 63RD ST,1220 S. 58th St,3248,494
1429 W Clearfield St,6027 Chestnut St,10494,1716
4164 BARNETT ST,704 W Girard Ave,13748,1228
4164 BARNETT ST,1419 Wharton St,16619,1559
3223 W Clifford St,704 W Girard Ave,4715,817
1429 W Clearfield St,4667 Paul St.,6943,1153
139 N 63RD ST,2703 Tasker St,7814,1259
2530 Wharton St,6027 Chestnut St,7496,1192
139 N 63RD ST,1419 Wharton St,9119,1520
4164 BARNETT ST,2530 Wharton St,19303,1516
769 N 39th St,3101 Ridge Ave.,4136,594
4164 BARNETT ST,6500 Castor Ave,3115,477
139 N 63RD ST,8398 Lindbergh Blvd,11004,1383
1429 W Clearfield St,3001 Walnut St.,13008,1264
537 E. Wyoming Ave.,4667 Paul St.,3061,473
1812 E PASSYUNK AVE,1419 Wharton St,1431,335
2530 Wharton St,1801 W Diamond St,10877,1250
2530 Wharton St,1510 W Oxford St,9135,1119
769 N 39th St,2530 Wharton St,4536,973
3223 W Clifford St,1429 W Clearfield St,4094,759
537 E. Wyoming Ave.,6434 Castor Ave,4527,567
1429 W Clearfield St,8398 Lindbergh Blvd,24228,1689
769 N 39th St,169 W. Wyoming Ave.,11931,852
769 N 39th St,1801 W Diamond St,5363,856
2530 Wharton St,4520 Benner St,20210,1500
769 N 39th St,3001 Walnut St.,2732,615
169 W. Wyoming Ave.,537 E. Wyoming Ave.,1073,234
4164 BARNETT ST,3001 Walnut St.,16821,1417
2530 Wharton St,4667 Paul St.,19322,1475
169 W. Wyoming Ave.,169 W. Wyoming Ave.,0,0
769 N 39th St,4520 Benner St,17662,1440
1429 W Clearfield St,1419 Wharton St,8009,1487
2530 Wharton St,537 E. Wyoming Ave.,19777,1365
537 E. Wyoming Ave.,2059 E Chelten Ave,5700,757
139 N 63RD ST,2059 E Chelten Ave,21118,1932
2530 Wharton St,521-23 W. Lehigh Ave.,11909,1485
2530 Wharton St,1429 W Clearfield St,18297,1408
2530 Wharton St,169 W. Wyoming Ave.,17973,1174
1429 W Clearfield St,169 W. Wyoming Ave.,4163,630
1429 W Clearfield St,1510 W Oxford St,3038,494
139 N 63RD ST,2530 Wharton St,7531,1197
139 N 63RD ST,3101 Ridge Ave.,7311,1221
769 N 39th St,704 W Girard Ave,5816,955
769 N 39th St,735 W. Butler St.,12021,950
1429 W Clearfield St,2059 E Chelten Ave,8463,1343
139 N 63RD ST,100 E. Lehigh Ave.,16023,1874
4164 BARNETT ST,1801 W Diamond St,14066,1718
537 E. Wyoming Ave.,1429 W Clearfield St,4539,624
3223 W Clifford St,5901 Larchwood Ave,8162,1222
4164 BARNETT ST,2000 N 11th St,15083,1470
1429 W Clearfield St,6500 Castor Ave,9105,1248
3223 W Clifford St,2059 E Chelten Ave,18694,1371
139 N 63RD ST,4667 Paul St.,19792,2010
4164 BARNETT ST,2703 Tasker St,19587,1577
1429 W Clearfield St,2530 Wharton St,15449,1407
139 N 63RD ST,521-23 W. Lehigh Ave.,10795,1853
3223 W Clifford St,735 W. Butler St.,9722,931
1812 E PASSYUNK AVE,2703 Tasker St,2423,501
139 N 63RD ST,1429 W Clearfield St,15339,1631
1429 W Clearfield St,6434 Castor Ave,9105,1255
139 N 63RD ST,4520 Benner St,22070,2040
139 N 63RD ST,1510 W Oxford St,8391,1538
6434 Castor Ave,3223 W Clifford St,14343,1397
139 N 63RD ST,704 W Girard Ave,8991,1582
6434 Castor Ave,769 N 39th St,17389,1450
537 E. Wyoming Ave.,3101 Ridge Ave.,9692,982
1429 W Clearfield St,2703 Tasker St,15733,1468
139 N 63RD ST,3223 W Clifford St,6349,1091
4164 BARNETT ST,5901 Larchwood Ave,22572,1961
139 N 63RD ST,537 E. Wyoming Ave.,16819,1589
1429 W Clearfield St,5901 Larchwood Ave,11790,1794
2530 Wharton St,8398 Lindbergh Blvd,9871,913
139 N 63RD ST,6500 Castor Ave,20343,1966
3223 W Clifford St,1220 S. 58th St,8605,1353
1429 W Clearfield St,4520 Benner St,9113,1462
537 E. Wyoming Ave.,4520 Benner St,6352,776
1429 W Clearfield St,180 E Tulpehocken St,6185,1114
4520 Benner St,2059 E Chelten Ave,878,168
139 N 63RD ST,735 W. Butler St.,15105,1495
4520 Benner St,4520 Benner St,0,0
4164 BARNETT ST,769 N 39th St,17144,1462
537 E. Wyoming Ave.,100 E. Lehigh Ave.,4079,658
169 W. Wyoming Ave.,6434 Castor Ave,5766,725
537 E. Wyoming Ave.,1801 W Diamond St,6736,965
769 N 39th St,1220 S. 58th St,5544,956
769 N 39th St,6027 Chestnut St,5135,796
4164 BARNETT ST,3101 Ridge Ave.,15791,1527
769 N 39th St,1419 Wharton St,8694,1158
769 N 39th St,537 E. Wyoming Ave.,13735,1043
2530 Wharton St,735 W. Butler St.,18063,1272
537 E. Wyoming Ave.,2703 Tasker St,18787,1513
169 W. Wyoming Ave.,3101 Ridge Ave.,8619,761
769 N 39th St,1429 W Clearfield St,9612,1087
169 W. Wyoming Ave.,180 E Tulpehocken St,6499,907
769 N 39th St,6500 Castor Ave,17259,1421
537 E. Wyoming Ave.,6500 Castor Ave,4527,561
2530 Wharton St,100 E. Lehigh Ave.,14163,1334
769 N 39th St,5901 Larchwood Ave,5101,824
2455 S. 3rd Street,2455 S. 3rd Street,0,0
4164 BARNETT ST,3223 W Clifford St,18189,1373
139 N 63RD ST,3001 Walnut St.,6167,927
1812 E PASSYUNK AVE,2530 Wharton St,2694,559
4164 BARNETT ST,735 W. Butler St.,9999,1230
169 W. Wyoming Ave.,3223 W Clifford St,9338,856
1812 E PASSYUNK AVE,3223 W Clifford St,10261,1148
769 N 39th St,6434 Castor Ave,17259,1427
4164 BARNETT ST,8398 Lindbergh Blvd,27252,1609
769 N 39th St,4667 Paul St.,16708,1464
4164 BARNETT ST,1429 W Clearfield St,11666,1417
169 W. Wyoming Ave.,735 W. Butler St.,2475,433
2530 Wharton St,2000 N 11th St,10004,1240
169 W. Wyoming Ave.,3001 Walnut St.,14989,1088
169 W. Wyoming Ave.,4520 Benner St,7579,926
169 W. Wyoming Ave.,2000 N 11th St,5690,866
4520 Benner St,1419 Wharton St,15858,1460
2530 Wharton St,6434 Castor Ave,23300,1749
769 N 39th St,521-23 W. Lehigh Ave.,7620,1225
2530 Wharton St,180 E Tulpehocken St,18376,1414
537 E. Wyoming Ave.,704 W Girard Ave,7577,1169
769 N 39th St,2059 E Chelten Ave,16711,1333
537 E. Wyoming Ave.,769 N 39th St,13457,1130
537 E. Wyoming Ave.,521-23 W. Lehigh Ave.,4662,702
180 E Tulpehocken St,6434 Castor Ave,11107,1456
169 W. Wyoming Ave.,1429 W Clearfield St,3998,550
537 E. Wyoming Ave.,2530 Wharton St,18503,1452
169 W. Wyoming Ave.,2530 Wharton St,17430,1231
1812 E PASSYUNK AVE,2455 S. 3rd Street,2512,561
2059 E Chelten Ave,6027 Chestnut St,21683,1788
169 W. Wyoming Ave.,704 W Girard Ave,6903,1113
169 W. Wyoming Ave.,1220 S. 58th St,20978,1624
2530 Wharton St,2059 E Chelten Ave,19258,1393
769 N 39th St,180 E Tulpehocken St,12334,1092
537 E. Wyoming Ave.,3001 Walnut St.,16062,1309
769 N 39th St,8398 Lindbergh Blvd,17152,1221
169 W. Wyoming Ave.,6500 Castor Ave,5766,718
1812 E PASSYUNK AVE,704 W Girard Ave,5885,1236
537 E. Wyoming Ave.,3223 W Clifford St,10412,1077
169 W. Wyoming Ave.,769 N 39th St,12384,909
1812 E PASSYUNK AVE,8398 Lindbergh Blvd,10400,1085
139 N 63RD ST,6434 Castor Ave,20343,1973
537 E. Wyoming Ave.,8398 Lindbergh Blvd,27282,1734
1812 E PASSYUNK AVE,3001 Walnut St.,4419,871
4520 Benner St,704 W Girard Ave,12986,1128
169 W. Wyoming Ave.,4667 Paul St.,4134,707
169 W. Wyoming Ave.,521-23 W. Lehigh Ave.,4121,620
4164 BARNETT ST,6027 Chestnut St,22986,1988
4164 BARNETT ST,521-23 W. Lehigh Ave.,11099,1339
769 N 39th St,100 E. Lehigh Ave.,11615,1274
169 W. Wyoming Ave.,1801 W Diamond St,6195,890
1812 E PASSYUNK AVE,769 N 39th St,7205,1309
900 E Howell St,900 E Howell St,0,0
180 E Tulpehocken St,100 E. Lehigh Ave.,9366,1571
1812 E PASSYUNK AVE,169 W. Wyoming Ave.,19546,1465
4520 Benner St,6434 Castor Ave,3057,521
1812 E PASSYUNK AVE,2059 E Chelten Ave,16194,1497
2455 S. 3rd Street,1419 Wharton St,3978,824
139 N 63RD ST,1801 W Diamond St,8538,1484
6434 Castor Ave,900 E Howell St,1950,272
1812 E PASSYUNK AVE,521-23 W. Lehigh Ave.,7860,1587
4520 Benner St,537 E. Wyoming Ave.,6880,888
1812 E PASSYUNK AVE,1220 S. 58th St,8141,1214
537 E. Wyoming Ave.,180 E Tulpehocken St,7573,1128
1429 W Clearfield St,1220 S. 58th St,18998,1800
169 W. Wyoming Ave.,2703 Tasker St,17714,1292
1812 E PASSYUNK AVE,2000 N 11th St,7114,1428
169 W. Wyoming Ave.,2059 E Chelten Ave,6938,914
4520 Benner St,4667 Paul St.,3490,646
900 E Howell St,537 E. Wyoming Ave.,3822,509
4164 BARNETT ST,180 E Tulpehocken St,13671,1672
537 E. Wyoming Ave.,5901 Larchwood Ave,15996,1811
1812 E PASSYUNK AVE,5901 Larchwood Ave,8293,1406
2455 S. 3rd Street,2703 Tasker St,7647,805
2455 S. 3rd Street,704 W Girard Ave,9164,827
537 E. Wyoming Ave.,6027 Chestnut St,15527,1652
2530 Wharton St,6500 Castor Ave,23300,1743
4164 BARNETT ST,1220 S. 58th St,22851,1909
169 W. Wyoming Ave.,1510 W Oxford St,6711,952
1812 E PASSYUNK AVE,1801 W Diamond St,7409,1502
537 E. Wyoming Ave.,2000 N 11th St,6231,941
6434 Castor Ave,6434 Castor Ave,0,0
139 N 63RD ST,180 E Tulpehocken St,12865,1611
2455 S. 3rd Street,2530 Wharton St,8444,854
180 E Tulpehocken St,1220 S. 58th St,20857,1831
769 N 39th St,2455 S. 3rd Street,12533,1103
4164 BARNETT ST,100 E. Lehigh Ave.,10319,1226
4520 Benner St,2000 N 11th St,14322,1371
4520 Benner St,169 W. Wyoming Ave.,7805,984
180 E Tulpehocken St,8398 Lindbergh Blvd,26088,1719
169 W. Wyoming Ave.,900 E Howell St,4719,672
1812 E PASSYUNK AVE,6027 Chestnut St,9641,1546
1812 E PASSYUNK AVE,180 E Tulpehocken St,19949,1705
139 N 63RD ST,4700 Wyalusing Ave.,2953,487
900 E Howell St,6434 Castor Ave,1826,312
1812 E PASSYUNK AVE,6434 Castor Ave,19315,1918
3223 W Clifford St,3223 W Clifford St,0,0
4520 Benner St,769 N 39th St,16382,1363
1812 E PASSYUNK AVE,4520 Benner St,17146,1604
4520 Benner St,5901 Larchwood Ave,21811,1862
900 E Howell St,6500 Castor Ave,1943,313
1812 E PASSYUNK AVE,537 E. Wyoming Ave.,21350,1656
4520 Benner St,3001 Walnut St.,16059,1318
1812 E PASSYUNK AVE,3101 Ridge Ave.,11223,1278
1812 E PASSYUNK AVE,4667 Paul St.,16259,1580
1812 E PASSYUNK AVE,1510 W Oxford St,6245,1306
4164 BARNETT ST,900 E Howell St,4347,636
169 W. Wyoming Ave.,1419 Wharton St,17750,1450
4520 Benner St,900 E Howell St,4360,676
1812 E PASSYUNK AVE,100 E. Lehigh Ave.,11099,1438
169 W. Wyoming Ave.,6027 Chestnut St,14454,1431
6434 Castor Ave,6500 Castor Ave,30,12
2455 S. 3rd Street,6027 Chestnut St,13436,1564
2455 S. 3rd Street,3001 Walnut St.,10324,926
900 E Howell St,4520 Benner St,4073,649
169 W. Wyoming Ave.,100 E. Lehigh Ave.,4214,697
4520 Benner St,100 E. Lehigh Ave.,9557,1126
2455 S. 3rd Street,2000 N 11th St,10500,1069
6434 Castor Ave,537 E. Wyoming Ave.,4699,624
3223 W Clifford St,1801 W Diamond St,2320,484
4520 Benner St,1429 W Clearfield St,8995,1370
3223 W Clifford St,3101 Ridge Ave.,939,230
180 E Tulpehocken St,169 W. Wyoming Ave.,5777,879
4520 Benner St,180 E Tulpehocken St,13685,1712
537 E. Wyoming Ave.,1220 S. 58th St,22051,1845
4520 Benner St,1801 W Diamond St,13305,1618
900 E Howell St,4667 Paul St.,2901,589
139 N 63RD ST,2455 S. 3rd Street,15953,1727
537 E. Wyoming Ave.,1419 Wharton St,17163,1665
2455 S. 3rd Street,4520 Benner St,18369,1251
537 E. Wyoming Ave.,2455 S. 3rd Street,18517,1390
2530 Wharton St,2455 S. 3rd Street,4927,977
169 W. Wyoming Ave.,5901 Larchwood Ave,14922,1590
4520 Benner St,735 W. Butler St.,8528,1276
4520 Benner St,2455 S. 3rd Street,17211,1185
2530 Wharton St,4700 Wyalusing Ave.,6241,1142
900 E Howell St,735 W. Butler St.,6823,904
2455 S. 3rd Street,5901 Larchwood Ave,12088,1424
1812 E PASSYUNK AVE,6500 Castor Ave,19387,1914
180 E Tulpehocken St,1429 W Clearfield St,6708,1029
180 E Tulpehocken St,521-23 W. Lehigh Ave.,8032,1317
1812 E PASSYUNK AVE,735 W. Butler St.,19636,1563
4520 Benner St,1510 W Oxford St,12140,1423
900 E Howell St,2059 E Chelten Ave,3444,597
2455 S. 3rd Street,8398 Lindbergh Blvd,11813,830
2455 S. 3rd Street,1510 W Oxford St,10280,1107
4164 BARNETT ST,2455 S. 3rd Street,17973,1284
4164 BARNETT ST,4355 Paul St,3978,637
2000 N 11th St,2000 N 11th St,0,0
3223 W Clifford St,2530 Wharton St,8708,962
2455 S. 3rd Street,169 W. Wyoming Ave.,22899,1325
3223 W Clifford St,2000 N 11th St,3613,798
2000 N 11th St,521-23 W. Lehigh Ave.,1899,300
2000 N 11th St,1429 W Clearfield St,2381,413
2455 S. 3rd Street,769 N 39th St,12569,1097
3223 W Clifford St,769 N 39th St,3453,473
180 E Tulpehocken St,3223 W Clifford St,11897,1084
180 E Tulpehocken St,3101 Ridge Ave.,8911,1013
4520 Benner St,2530 Wharton St,18542,1416
2455 S. 3rd Street,1429 W Clearfield St,12823,1445
2455 S. 3rd Street,3101 Ridge Ave.,14576,1138
537 E. Wyoming Ave.,900 E Howell St,4057,539
4520 Benner St,4355 Paul St,3217,531
900 E Howell St,2455 S. 3rd Street,19781,1598
935 S 53rd St,935 S 53rd St,0,0
4520 Benner St,521-23 W. Lehigh Ave.,10338,1240
3223 W Clifford St,4700 Wyalusing Ave.,3994,655
6434 Castor Ave,169 W. Wyoming Ave.,5625,719
2455 S. 3rd Street,1801 W Diamond St,11445,1302
2000 N 11th St,1801 W Diamond St,1207,285
2455 S. 3rd Street,1220 S. 58th St,9408,1340
900 E Howell St,2000 N 11th St,9944,1426
2455 S. 3rd Street,3223 W Clifford St,13614,1008
1429 W Clearfield St,900 E Howell St,8718,1247
769 N 39th St,900 E Howell St,16202,1371
180 E Tulpehocken St,4667 Paul St.,10557,1493
180 E Tulpehocken St,6500 Castor Ave,11107,1449
900 E Howell St,2530 Wharton St,21426,1670
6434 Castor Ave,2059 E Chelten Ave,3506,541
4520 Benner St,3223 W Clifford St,17427,1274
2455 S. 3rd Street,521-23 W. Lehigh Ave.,11068,1191
3223 W Clifford St,3001 Walnut St.,4836,812
2455 S. 3rd Street,4667 Paul St.,17482,1226
2059 E Chelten Ave,2059 E Chelten Ave,0,0
2000 N 11th St,1510 W Oxford St,1710,354
169 W. Wyoming Ave.,8398 Lindbergh Blvd,26209,1513
2000 N 11th St,735 W. Butler St.,4249,764
2455 S. 3rd Street,537 E. Wyoming Ave.,19461,1413
6434 Castor Ave,180 E Tulpehocken St,11504,1448
3223 W Clifford St,169 W. Wyoming Ave.,9632,834
900 E Howell St,100 E. Lehigh Ave.,7793,1143
180 E Tulpehocken St,735 W. Butler St.,5876,949
3223 W Clifford St,8398 Lindbergh Blvd,17487,1244
180 E Tulpehocken St,2455 S. 3rd Street,23118,1617
180 E Tulpehocken St,4700 Wyalusing Ave.,12891,1191
169 W. Wyoming Ave.,2455 S. 3rd Street,23239,1411
6434 Castor Ave,100 E. Lehigh Ave.,8670,1253
3223 W Clifford St,2455 S. 3rd Street,14517,1142
900 E Howell St,3101 Ridge Ave.,12615,1201
900 E Howell St,1801 W Diamond St,10720,1442
6434 Castor Ave,3101 Ridge Ave.,13624,1302
935 S 53rd St,4700 Wyalusing Ave.,3662,645
900 E Howell St,4700 Wyalusing Ave.,17008,1424
537 E. Wyoming Ave.,735 W. Butler St.,3334,473
2059 E Chelten Ave,4520 Benner St,651,124
4520 Benner St,8398 Lindbergh Blvd,26491,1509
139 N 63RD ST,935 S 53rd St,3876,585
900 E Howell St,4355 Paul St,4134,691
2000 N 11th St,537 E. Wyoming Ave.,6078,887
6434 Castor Ave,4520 Benner St,3186,524
4520 Benner St,6027 Chestnut St,22224,1888
2455 S. 3rd Street,100 E. Lehigh Ave.,12322,1084
169 W. Wyoming Ave.,4700 Wyalusing Ave.,13012,985
935 S 53rd St,2703 Tasker St,4512,757
2455 S. 3rd Street,4355 Paul St,16292,1069
2059 E Chelten Ave,900 E Howell St,3474,611
3223 W Clifford St,100 E. Lehigh Ave.,5597,1095
900 E Howell St,521-23 W. Lehigh Ave.,8376,1187
2455 S. 3rd Street,2059 E Chelten Ave,17418,1143
2455 S. 3rd Street,6500 Castor Ave,20610,1560
2000 N 11th St,169 W. Wyoming Ave.,5556,799
180 E Tulpehocken St,537 E. Wyoming Ave.,7583,1072
900 E Howell St,8398 Lindbergh Blvd,29060,1923
6434 Castor Ave,4355 Paul St,4391,708
769 N 39th St,2000 N 11th St,6677,1111
180 E Tulpehocken St,2530 Wharton St,17309,1437
2000 N 11th St,3101 Ridge Ave.,3045,604
900 E Howell St,180 E Tulpehocken St,10496,1346
180 E Tulpehocken St,2703 Tasker St,17593,1499
2455 S. 3rd Street,180 E Tulpehocken St,23303,1565
2455 S. 3rd Street,6434 Castor Ave,20539,1564
2455 S. 3rd Street,900 E Howell St,20587,1677
180 E Tulpehocken St,6027 Chestnut St,13542,1762
2000 N 11th St,2455 S. 3rd Street,12084,1253
3223 W Clifford St,6027 Chestnut St,6865,1143
537 E. Wyoming Ave.,4355 Paul St,3618,521
2059 E Chelten Ave,537 E. Wyoming Ave.,5567,822
2000 N 11th St,3223 W Clifford St,3587,734
1429 W Clearfield St,2455 S. 3rd Street,13412,1393
2000 N 11th St,704 W Girard Ave,2118,387
180 E Tulpehocken St,900 E Howell St,10050,1400
900 E Howell St,769 N 39th St,16380,1348
2059 E Chelten Ave,169 W. Wyoming Ave.,6951,991
6434 Castor Ave,735 W. Butler St.,7832,1005
180 E Tulpehocken St,1510 W Oxford St,9454,1443
6434 Castor Ave,2530 Wharton St,22435,1772
3223 W Clifford St,6434 Castor Ave,14960,1409
900 E Howell St,1220 S. 58th St,24974,2063
4520 Benner St,3101 Ridge Ave.,18389,1405
3223 W Clifford St,180 E Tulpehocken St,10134,1062
2530 Wharton St,935 S 53rd St,4882,823
180 E Tulpehocken St,769 N 39th St,12263,1115
935 S 53rd St,5901 Larchwood Ave,1958,336
2000 N 11th St,2530 Wharton St,10244,1351
900 E Howell St,3223 W Clifford St,13335,1296
2455 S. 3rd Street,4700 Wyalusing Ave.,14581,1232
2000 N 11th St,6434 Castor Ave,10497,1424
3223 W Clifford St,4667 Paul St.,14409,1445
180 E Tulpehocken St,1419 Wharton St,17630,1656
180 E Tulpehocken St,704 W Girard Ave,10780,1652
139 N 63RD ST,900 E Howell St,19286,1917
2000 N 11th St,4355 Paul St,7881,1214
6434 Castor Ave,1429 W Clearfield St,9499,1192
4164 BARNETT ST,4700 Wyalusing Ave.,19156,1597
2530 Wharton St,4355 Paul St,18132,1319
169 W. Wyoming Ave.,4355 Paul St,4691,755
900 E Howell St,1429 W Clearfield St,8491,1091
3223 W Clifford St,537 E. Wyoming Ave.,11436,1025
2530 Wharton St,900 E Howell St,22244,1693
6434 Castor Ave,5901 Larchwood Ave,19927,2130
2000 N 11th St,4700 Wyalusing Ave.,7359,1285
2000 N 11th St,4667 Paul St.,8336,1322
2455 S. 3rd Street,935 S 53rd St,10807,1191
180 E Tulpehocken St,2059 E Chelten Ave,12280,1646
1429 W Clearfield St,4355 Paul St,6489,1044
2000 N 11th St,3001 Walnut St.,6295,1279
1200 ARCH ST,2530 Wharton St,4535,984
6434 Castor Ave,521-23 W. Lehigh Ave.,9253,1297
180 E Tulpehocken St,5901 Larchwood Ave,14512,1906
180 E Tulpehocken St,3001 Walnut St.,14868,1295
2059 E Chelten Ave,1429 W Clearfield St,8345,1265
2000 N 11th St,100 E. Lehigh Ave.,3051,579
6434 Castor Ave,1510 W Oxford St,12245,1605
6434 Castor Ave,2703 Tasker St,22719,1833
2059 E Chelten Ave,4355 Paul St,2566,425
935 S 53rd St,3001 Walnut St.,5395,926
935 S 53rd St,3101 Ridge Ave.,10896,1315
2455 S. 3rd Street,735 W. Butler St.,22989,1423
900 E Howell St,6027 Chestnut St,18450,1870
1200 ARCH ST,704 W Girard Ave,2782,606
935 S 53rd St,1220 S. 58th St,1160,199
2059 E Chelten Ave,2455 S. 3rd Street,16670,1084
1812 E PASSYUNK AVE,900 E Howell St,23817,1984
935 S 53rd St,6027 Chestnut St,3107,485
935 S 53rd St,769 N 39th St,4396,851
4520 Benner St,1220 S. 58th St,22090,1810
2059 E Chelten Ave,6434 Castor Ave,3426,503
6434 Castor Ave,2455 S. 3rd Street,19889,1535
3223 W Clifford St,1419 Wharton St,9028,1181
2059 E Chelten Ave,6500 Castor Ave,3497,499
1200 ARCH ST,2703 Tasker St,4815,1017
2059 E Chelten Ave,735 W. Butler St.,7878,1170
4520 Benner St,2703 Tasker St,18826,1478
4520 Benner St,4700 Wyalusing Ave.,18395,1498
935 S 53rd St,2530 Wharton St,4228,695
2000 N 11th St,180 E Tulpehocken St,8483,1412
769 N 39th St,4355 Paul St,15585,1259
1812 E PASSYUNK AVE,4355 Paul St,15068,1423
1200 ARCH ST,769 N 39th St,4690,884
900 E Howell St,1510 W Oxford St,11237,1504
180 E Tulpehocken St,4355 Paul St,11071,1553
1200 ARCH ST,2000 N 11th St,3568,753
1200 ARCH ST,3223 W Clifford St,6189,862
1429 W Clearfield St,4700 Wyalusing Ave.,7623,1228
1200 ARCH ST,4520 Benner St,13828,1217
1200 ARCH ST,2455 S. 3rd Street,7612,921
1200 ARCH ST,935 S 53rd St,9733,1215
2059 E Chelten Ave,1801 W Diamond St,12764,1518
935 S 53rd St,4355 Paul St,19378,1646
900 E Howell St,3001 Walnut St.,18985,1528
1812 E PASSYUNK AVE,4700 Wyalusing Ave.,11228,1372
935 S 53rd St,1419 Wharton St,5816,1018
6434 Castor Ave,704 W Girard Ave,15664,1479
935 S 53rd St,704 W Girard Ave,10822,1381
6434 Castor Ave,2000 N 11th St,10821,1536
1200 ARCH ST,1419 Wharton St,2730,672
1429 W Clearfield St,935 S 53rd St,17438,1619
6434 Castor Ave,1801 W Diamond St,11728,1544
2000 N 11th St,4520 Benner St,13018,1504
3223 W Clifford St,4520 Benner St,19646,1479
2059 E Chelten Ave,180 E Tulpehocken St,12831,1719
1200 ARCH ST,4667 Paul St.,12941,1192
900 E Howell St,704 W Girard Ave,15556,1542
3223 W Clifford St,2703 Tasker St,8992,1023
1200 ARCH ST,3001 Walnut St.,2758,694
935 S 53rd St,2455 S. 3rd Street,10853,1187
3223 W Clifford St,900 E Howell St,13903,1353
2000 N 11th St,900 E Howell St,10028,1395
1812 E PASSYUNK AVE,1429 W Clearfield St,8788,1645
2000 N 11th St,2059 E Chelten Ave,12066,1396
2000 N 11th St,769 N 39th St,6818,1103
2059 E Chelten Ave,4667 Paul St.,2839,540
900 E Howell St,2703 Tasker St,21710,1732
3223 W Clifford St,6500 Castor Ave,14960,1402
1200 ARCH ST,4355 Paul St,11751,1036
1200 ARCH ST,1510 W Oxford St,3609,734
935 S 53rd St,2059 E Chelten Ave,20504,1720
1200 ARCH ST,4700 Wyalusing Ave.,7156,1085
2000 N 11th St,1419 Wharton St,6681,1346
2059 E Chelten Ave,769 N 39th St,15841,1262
169 W. Wyoming Ave.,935 S 53rd St,19418,1443
6434 Castor Ave,4700 Wyalusing Ave.,18016,1526
6434 Castor Ave,3001 Walnut St.,19994,1629
2059 E Chelten Ave,2703 Tasker St,18284,1378
537 E. Wyoming Ave.,4700 Wyalusing Ave.,14085,1206
935 S 53rd St,2000 N 11th St,11251,1567
935 S 53rd St,4520 Benner St,21456,1827
180 E Tulpehocken St,4520 Benner St,12911,1654
935 S 53rd St,169 W. Wyoming Ave.,19219,1501
900 E Howell St,1419 Wharton St,18427,1873
180 E Tulpehocken St,1801 W Diamond St,8937,1381
4520 Benner St,935 S 53rd St,20530,1629
1200 ARCH ST,2059 E Chelten Ave,12877,1110
2000 N 11th St,6027 Chestnut St,10231,1774
935 S 53rd St,6500 Castor Ave,24547,2070
3223 W Clifford St,4355 Paul St,17568,1298
2000 N 11th St,1220 S. 58th St,13792,1745
1200 ARCH ST,6027 Chestnut St,8366,1446
537 E. Wyoming Ave.,935 S 53rd St,20491,1664
900 E Howell St,5901 Larchwood Ave,18919,2029
3223 W Clifford St,935 S 53rd St,7729,1198
1200 ARCH ST,8398 Lindbergh Blvd,16891,1246
935 S 53rd St,735 W. Butler St.,19309,1599
1200 ARCH ST,169 W. Wyoming Ave.,15474,1179
935 S 53rd St,1429 W Clearfield St,19543,1735
2000 N 11th St,6500 Castor Ave,10497,1418
1200 ARCH ST,1429 W Clearfield St,6152,1073
2059 E Chelten Ave,704 W Girard Ave,12445,1028
935 S 53rd St,900 E Howell St,23490,2020
2059 E Chelten Ave,8398 Lindbergh Blvd,25950,1409
935 S 53rd St,1801 W Diamond St,12123,1577
1200 ARCH ST,100 E. Lehigh Ave.,7781,1051
935 S 53rd St,1510 W Oxford St,10382,1446
4164 BARNETT ST,935 S 53rd St,21291,1728
6434 Castor Ave,8398 Lindbergh Blvd,29168,1860
1200 ARCH ST,900 E Howell St,16046,1644
6434 Castor Ave,935 S 53rd St,24423,1984
935 S 53rd St,100 E. Lehigh Ave.,15409,1661
2000 N 11th St,2703 Tasker St,10528,1413
935 S 53rd St,180 E Tulpehocken St,19623,1741
900 E Howell St,935 S 53rd St,23414,1882
1200 ARCH ST,1220 S. 58th St,11293,1396
2059 E Chelten Ave,2000 N 11th St,13781,1270
1200 ARCH ST,1801 W Diamond St,4774,930
1200 ARCH ST,5901 Larchwood Ave,8332,1474
180 E Tulpehocken St,2000 N 11th St,9167,1425
3223 W Clifford St,521-23 W. Lehigh Ave.,4445,816
2059 E Chelten Ave,521-23 W. Lehigh Ave.,9797,1139
2059 E Chelten Ave,1419 Wharton St,15317,1359
2000 N 11th St,5901 Larchwood Ave,11527,1852
2059 E Chelten Ave,3001 Walnut St.,15518,1218
2059 E Chelten Ave,100 E. Lehigh Ave.,9016,1026
1200 ARCH ST,180 E Tulpehocken St,15877,1418
1200 ARCH ST,3101 Ridge Ave.,7091,927
1812 E PASSYUNK AVE,935 S 53rd St,7012,1172
1200 ARCH ST,6434 Castor Ave,15998,1530
6434 Castor Ave,1419 Wharton St,18535,1810
935 S 53rd St,521-23 W. Lehigh Ave.,13156,1812
1200 ARCH ST,6500 Castor Ave,16069,1527
2059 E Chelten Ave,3101 Ridge Ave.,17848,1304
2059 E Chelten Ave,935 S 53rd St,19989,1528
769 N 39th St,4700 Wyalusing Ave.,1733,314
935 S 53rd St,8398 Lindbergh Blvd,8175,1001
2059 E Chelten Ave,2530 Wharton St,18001,1316
2059 E Chelten Ave,1510 W Oxford St,11599,1322
1200 ARCH ST,521-23 W. Lehigh Ave.,5468,1053
1200 ARCH ST,537 E. Wyoming Ave.,17278,1370
935 S 53rd St,6434 Castor Ave,24547,2076
180 E Tulpehocken St,935 S 53rd St,19297,1649
6434 Castor Ave,6027 Chestnut St,19459,1972
2059 E Chelten Ave,1220 S. 58th St,21549,1709
2000 N 11th St,8398 Lindbergh Blvd,21363,1578
139 N 63RD ST,4355 Paul St,19992,1859
2059 E Chelten Ave,3223 W Clifford St,16886,1174
2059 E Chelten Ave,4700 Wyalusing Ave.,17854,1397
2059 E Chelten Ave,5901 Larchwood Ave,21270,1762
6434 Castor Ave,1220 S. 58th St,25983,2165
935 S 53rd St,3223 W Clifford St,9934,1184
2000 N 11th St,935 S 53rd St,12232,1564
900 E Howell St,169 W. Wyoming Ave.,4616,618
769 N 39th St,935 S 53rd St,4668,801
935 S 53rd St,537 E. Wyoming Ave.,21023,1693
935 S 53rd St,4667 Paul St.,20569,1802
1200 ARCH ST,735 W. Butler St.,15564,1276
5039 FRANKFORD AVE,900 E Howell St,2452,460
912-28 WALNUT ST,3001 Walnut St.,2355,649
5039 FRANKFORD AVE,6434 Castor Ave,2587,455
912-28 WALNUT ST,704 W Girard Ave,3219,727
401 N 64TH ST,4700 Wyalusing Ave.,2783,481
5039 FRANKFORD AVE,6500 Castor Ave,2683,459
3447 N 2ND ST,521-23 W. Lehigh Ave.,1891,305
5039 FRANKFORD AVE,537 E. Wyoming Ave.,3984,546
912-28 WALNUT ST,2455 S. 3rd Street,4280,933
1307-09 W NEDRO AVE,169 W. Wyoming Ave.,3640,623
5039 FRANKFORD AVE,4355 Paul St,2068,432
2006 ORTHODOX ST,6434 Castor Ave,4156,736
912-28 WALNUT ST,1419 Wharton St,2523,558
1307-09 W NEDRO AVE,735 W. Butler St.,4226,760
5039 FRANKFORD AVE,2059 E Chelten Ave,1981,304
912-28 WALNUT ST,2530 Wharton St,4327,861
5039 FRANKFORD AVE,4520 Benner St,2395,389
912-28 WALNUT ST,769 N 39th St,5398,1027
769 E HILTON ST,3101 Ridge Ave.,6691,1173
1307-09 W NEDRO AVE,521-23 W. Lehigh Ave.,7018,1175
912-28 WALNUT ST,4700 Wyalusing Ave.,7633,1228
912-28 WALNUT ST,169 W. Wyoming Ave.,15951,1321
5039 FRANKFORD AVE,521-23 W. Lehigh Ave.,6955,1237
912-28 WALNUT ST,521-23 W. Lehigh Ave.,6095,1148
912-28 WALNUT ST,6027 Chestnut St,7726,1397
2847-67 HOLME AVE,900 E Howell St,7168,854
1307-09 W NEDRO AVE,4355 Paul St,8286,1234
1307-09 W NEDRO AVE,180 E Tulpehocken St,4714,688
2847-67 HOLME AVE,6434 Castor Ave,5620,712
401 N 64TH ST,3001 Walnut St.,6703,1017
1307-09 W NEDRO AVE,537 E. Wyoming Ave.,4806,753
5039 FRANKFORD AVE,2530 Wharton St,18537,1449
3447 N 2ND ST,6434 Castor Ave,7647,1053
5039 FRANKFORD AVE,735 W. Butler St.,7209,995
912-28 WALNUT ST,1220 S. 58th St,9028,1467
1307-09 W NEDRO AVE,6500 Castor Ave,7715,1072
1307-09 W NEDRO AVE,3101 Ridge Ave.,10018,1065
1307-09 W NEDRO AVE,4700 Wyalusing Ave.,14410,1288
2847-67 HOLME AVE,169 W. Wyoming Ave.,10613,1162
769 E HILTON ST,3001 Walnut St.,12935,1330
1126-36 ARCH ST,169 W. Wyoming Ave.,15879,1126
5039 FRANKFORD AVE,1419 Wharton St,15853,1492
2847-67 HOLME AVE,6500 Castor Ave,5620,723
391 LYCEUM AVE,900 E Howell St,13770,1438
3447 N 2ND ST,4700 Wyalusing Ave.,15075,1467
912-28 WALNUT ST,1510 W Oxford St,4046,855
3447 N 2ND ST,180 E Tulpehocken St,8198,1317
912-28 WALNUT ST,3101 Ridge Ave.,7799,1071
5039 FRANKFORD AVE,2455 S. 3rd Street,17207,1217
1126-36 ARCH ST,4355 Paul St,11642,991
391 LYCEUM AVE,769 N 39th St,9770,973
2847-67 HOLME AVE,2059 E Chelten Ave,6806,827
912-28 WALNUT ST,8398 Lindbergh Blvd,14258,1355
769 E HILTON ST,6500 Castor Ave,6713,924
391 LYCEUM AVE,1220 S. 58th St,18364,1689
401 N 64TH ST,169 W. Wyoming Ave.,14829,1377
391 LYCEUM AVE,2455 S. 3rd Street,20625,1476
2847-67 HOLME AVE,537 E. Wyoming Ave.,9687,1067
401 N 64TH ST,1510 W Oxford St,8205,1517
3447 N 2ND ST,1510 W Oxford St,4880,768
912-28 WALNUT ST,2059 E Chelten Ave,13362,1184
912-28 WALNUT ST,4355 Paul St,12236,1110
1307-09 W NEDRO AVE,769 N 39th St,13783,1213
1307-09 W NEDRO AVE,2530 Wharton St,18829,1534
2847-67 HOLME AVE,4520 Benner St,6439,812
912-28 WALNUT ST,6434 Castor Ave,16483,1605
1307-09 W NEDRO AVE,6434 Castor Ave,7690,1072
5039 FRANKFORD AVE,704 W Girard Ave,12982,1161
912-28 WALNUT ST,735 W. Butler St.,16041,1419
618 SOUTH ST,2530 Wharton St,4370,875
5039 FRANKFORD AVE,4667 Paul St.,1122,291
2847-67 HOLME AVE,4355 Paul St,14525,1070
1307-09 W NEDRO AVE,900 E Howell St,7323,981
217 E WESTMORELAND ST,521-23 W. Lehigh Ave.,2130,391
2847-67 HOLME AVE,180 E Tulpehocken St,16492,1891
5039 FRANKFORD AVE,169 W. Wyoming Ave.,5263,746
912-28 WALNUT ST,537 E. Wyoming Ave.,15405,1454
618 SOUTH ST,735 W. Butler St.,8511,1572
1307-09 W NEDRO AVE,4520 Benner St,10126,1335
912-28 WALNUT ST,180 E Tulpehocken St,16354,1561
5039 FRANKFORD AVE,180 E Tulpehocken St,11142,1474
1307-09 W NEDRO AVE,3001 Walnut St.,16388,1392
217 E WESTMORELAND ST,2530 Wharton St,14157,1464
391 LYCEUM AVE,3001 Walnut St.,12375,1153
5039 FRANKFORD AVE,8398 Lindbergh Blvd,26486,1542
912-28 WALNUT ST,6500 Castor Ave,16554,1601
5039 FRANKFORD AVE,1510 W Oxford St,12135,1456
618 SOUTH ST,2455 S. 3rd Street,3174,666
1307-09 W NEDRO AVE,2059 E Chelten Ave,9495,1328
5039 FRANKFORD AVE,3001 Walnut St.,16055,1351
401 N 64TH ST,2455 S. 3rd Street,17080,1645
912-28 WALNUT ST,900 E Howell St,16531,1718
401 N 64TH ST,900 E Howell St,19100,1896
5039 FRANKFORD AVE,3101 Ridge Ave.,13262,1329
5039 FRANKFORD AVE,769 N 39th St,16377,1396
1307-09 W NEDRO AVE,1419 Wharton St,19149,1753
912-28 WALNUT ST,4520 Benner St,14313,1291
2847-67 HOLME AVE,769 N 39th St,25271,1678
618 SOUTH ST,3001 Walnut St.,3825,776
1307-09 W NEDRO AVE,704 W Girard Ave,9374,1497
5039 FRANKFORD AVE,4700 Wyalusing Ave.,17654,1552
217 E WESTMORELAND ST,537 E. Wyoming Ave.,3141,475
618 SOUTH ST,704 W Girard Ave,3959,727
618 SOUTH ST,769 N 39th St,7260,1126
2847-67 HOLME AVE,1419 Wharton St,24747,1775
2847-67 HOLME AVE,8398 Lindbergh Blvd,35380,1825
618 SOUTH ST,6434 Castor Ave,16390,1597
618 SOUTH ST,1419 Wharton St,2449,564
1307-09 W NEDRO AVE,6027 Chestnut St,15853,1735
2847-67 HOLME AVE,4667 Paul St.,8357,1100
2847-67 HOLME AVE,2455 S. 3rd Street,26101,1500
2847-67 HOLME AVE,1510 W Oxford St,21029,1738
2847-67 HOLME AVE,735 W. Butler St.,12820,1448
5039 FRANKFORD AVE,6027 Chestnut St,22220,1921
217 E WESTMORELAND ST,900 E Howell St,7090,983
217 E WESTMORELAND ST,2455 S. 3rd Street,12827,1232
618 SOUTH ST,1510 W Oxford St,5550,1008
217 E WESTMORELAND ST,169 W. Wyoming Ave.,2877,497
217 E WESTMORELAND ST,4355 Paul St,4911,815
2847-67 HOLME AVE,521-23 W. Lehigh Ave.,19227,1555
618 SOUTH ST,4700 Wyalusing Ave.,9273,1261
618 SOUTH ST,3101 Ridge Ave.,9267,1168
912-28 WALNUT ST,4667 Paul St.,13426,1266
618 SOUTH ST,521-23 W. Lehigh Ave.,5933,1078
401 N 64TH ST,8398 Lindbergh Blvd,11541,1473
3447 N 2ND ST,537 E. Wyoming Ave.,3228,516
1730 W CHELTENHAM AVE,6434 Castor Ave,7620,913
618 SOUTH ST,6027 Chestnut St,9196,1524
217 E WESTMORELAND ST,735 W. Butler St.,2966,523
1730 W CHELTENHAM AVE,537 E. Wyoming Ave.,6978,855
1730 W CHELTENHAM AVE,900 E Howell St,7253,822
618 SOUTH ST,169 W. Wyoming Ave.,17590,1354
2847-67 HOLME AVE,704 W Girard Ave,21875,1444
1730 W CHELTENHAM AVE,180 E Tulpehocken St,4245,702
1307-09 W NEDRO AVE,1220 S. 58th St,22377,1928
618 SOUTH ST,4667 Paul St.,13333,1259
1307-09 W NEDRO AVE,4667 Paul St.,7772,1174
1730 W CHELTENHAM AVE,4355 Paul St,9008,1230
618 SOUTH ST,1220 S. 58th St,9808,1563
1730 W CHELTENHAM AVE,6500 Castor Ave,7645,912
1307-09 W NEDRO AVE,8398 Lindbergh Blvd,27608,1817
217 E WESTMORELAND ST,4667 Paul St.,5366,924
1307-09 W NEDRO AVE,2455 S. 3rd Street,24638,1715
2847-67 HOLME AVE,3101 Ridge Ave.,18612,1745
618 SOUTH ST,4355 Paul St,12143,1103
217 E WESTMORELAND ST,769 N 39th St,14681,1358
217 E WESTMORELAND ST,704 W Girard Ave,4911,884
217 E WESTMORELAND ST,4520 Benner St,8486,1206
2847-67 HOLME AVE,3001 Walnut St.,24948,1633
217 E WESTMORELAND ST,1429 W Clearfield St,2763,491
2847-67 HOLME AVE,2530 Wharton St,27431,1732
1730 W CHELTENHAM AVE,169 W. Wyoming Ave.,6049,822
5039 FRANKFORD AVE,1220 S. 58th St,22085,1843
3447 N 2ND ST,4355 Paul St,5022,853
618 SOUTH ST,537 E. Wyoming Ave.,15313,1446
3447 N 2ND ST,735 W. Butler St.,2387,499
217 E WESTMORELAND ST,3101 Ridge Ave.,5583,954
217 E WESTMORELAND ST,2059 E Chelten Ave,7534,1099
217 E WESTMORELAND ST,180 E Tulpehocken St,8579,1319
217 E WESTMORELAND ST,1510 W Oxford St,5119,839
1126-36 ARCH ST,3001 Walnut St.,2934,716
1307-09 W NEDRO AVE,1510 W Oxford St,8048,1287
217 E WESTMORELAND ST,3001 Walnut St.,11675,1365
618 SOUTH ST,180 E Tulpehocken St,17994,1594
2847-67 HOLME AVE,4700 Wyalusing Ave.,27284,1813
217 E WESTMORELAND ST,6434 Castor Ave,7559,1012
618 SOUTH ST,900 E Howell St,16438,1711
1126-36 ARCH ST,2455 S. 3rd Street,8590,835
1730 W CHELTENHAM AVE,4667 Paul St.,8494,1170
2847-67 HOLME AVE,1220 S. 58th St,30979,2125
3447 N 2ND ST,704 W Girard Ave,4673,799
1126-36 ARCH ST,704 W Girard Ave,2673,560
3447 N 2ND ST,4667 Paul St.,5476,962
1730 W CHELTENHAM AVE,2059 E Chelten Ave,10207,1321
217 E WESTMORELAND ST,1419 Wharton St,11473,1507
618 SOUTH ST,4520 Benner St,14221,1284
3447 N 2ND ST,169 W. Wyoming Ave.,3128,508
1730 W CHELTENHAM AVE,3001 Walnut St.,18174,1660
1126-36 ARCH ST,3101 Ridge Ave.,7253,904
1730 W CHELTENHAM AVE,2530 Wharton St,20615,1802
217 E WESTMORELAND ST,6500 Castor Ave,7560,1005
3447 N 2ND ST,1429 W Clearfield St,2525,420
769 E HILTON ST,537 E. Wyoming Ave.,3254,482
391 LYCEUM AVE,2059 E Chelten Ave,16000,1684
128-30 CHESTNUT ST,2455 S. 3rd Street,6166,564
618 SOUTH ST,2059 E Chelten Ave,13269,1176
3447 N 2ND ST,2530 Wharton St,14741,1528
128-30 CHESTNUT ST,704 W Girard Ave,3641,686
769 E HILTON ST,1429 W Clearfield St,3871,710
1730 W CHELTENHAM AVE,769 N 39th St,15570,1480
3447 N 2ND ST,900 E Howell St,7177,1024
128-30 CHESTNUT ST,769 N 39th St,9233,1005
618 SOUTH ST,935 S 53rd St,8248,1382
618 SOUTH ST,6500 Castor Ave,16462,1593
128-30 CHESTNUT ST,1419 Wharton St,4013,850
2847-67 HOLME AVE,6027 Chestnut St,31113,2204
3447 N 2ND ST,6500 Castor Ave,7647,1046
3447 N 2ND ST,1419 Wharton St,12057,1571
217 E WESTMORELAND ST,6027 Chestnut St,16750,1880
3447 N 2ND ST,2059 E Chelten Ave,6996,1152
769 E HILTON ST,900 E Howell St,6243,902
1126-36 ARCH ST,935 S 53rd St,9696,1164
3447 N 2ND ST,4520 Benner St,7647,1271
1519 REED ST,2455 S. 3rd Street,3728,787
1730 W CHELTENHAM AVE,704 W Girard Ave,11883,1763
1126-36 ARCH ST,769 N 39th St,4852,861
3447 N 2ND ST,3101 Ridge Ave.,5345,883
1126-36 ARCH ST,1510 W Oxford St,3500,689
1730 W CHELTENHAM AVE,4520 Benner St,10843,1328
1126-36 ARCH ST,3223 W Clifford St,5048,823
912-28 WALNUT ST,935 S 53rd St,7468,1285
618 SOUTH ST,8398 Lindbergh Blvd,15163,1177
5039 FRANKFORD AVE,1429 W Clearfield St,8415,1146
3447 N 2ND ST,2455 S. 3rd Street,13411,1296
128-30 CHESTNUT ST,3001 Walnut St.,3845,1028
1730 W CHELTENHAM AVE,521-23 W. Lehigh Ave.,9972,1401
3447 N 2ND ST,769 N 39th St,9118,1374
1126-36 ARCH ST,1419 Wharton St,3168,763
3447 N 2ND ST,3001 Walnut St.,12259,1430
1126-36 ARCH ST,4667 Paul St.,12832,1147
3447 N 2ND ST,8398 Lindbergh Blvd,22690,1621
769 E HILTON ST,169 W. Wyoming Ave.,3988,621
769 E HILTON ST,2059 E Chelten Ave,5286,922
5039 FRANKFORD AVE,935 S 53rd St,20525,1661
912-28 WALNUT ST,1429 W Clearfield St,6589,1194
1519 REED ST,3223 W Clifford St,9687,1093
1730 W CHELTENHAM AVE,1419 Wharton St,20936,2021
1126-36 ARCH ST,6027 Chestnut St,8542,1468
618 SOUTH ST,3223 W Clifford St,8305,1037
769 E HILTON ST,735 W. Butler St.,4073,651
128-30 CHESTNUT ST,4700 Wyalusing Ave.,11246,1139
128-30 CHESTNUT ST,3223 W Clifford St,10278,916
1730 W CHELTENHAM AVE,4700 Wyalusing Ave.,16197,1556
217 E WESTMORELAND ST,935 S 53rd St,16145,1676
769 E HILTON ST,704 W Girard Ave,5416,1060
1307-09 W NEDRO AVE,1429 W Clearfield St,5302,874
1730 W CHELTENHAM AVE,8398 Lindbergh Blvd,29394,2084
912-28 WALNUT ST,3223 W Clifford St,5594,989
769 E HILTON ST,2530 Wharton St,15418,1428
217 E WESTMORELAND ST,4700 Wyalusing Ave.,15308,1434
1730 W CHELTENHAM AVE,735 W. Butler St.,7065,1080
2847-67 HOLME AVE,935 S 53rd St,29419,1944
769 E HILTON ST,3223 W Clifford St,7298,1297
1730 W CHELTENHAM AVE,1510 W Oxford St,10556,1554
769 E HILTON ST,4355 Paul St,3312,615
1126-36 ARCH ST,4520 Benner St,13720,1172
769 E HILTON ST,769 N 39th St,13258,1375
1126-36 ARCH ST,900 E Howell St,15937,1598
3447 N 2ND ST,100 E. Lehigh Ave.,1984,382
217 E WESTMORELAND ST,3223 W Clifford St,6191,1078
128-30 CHESTNUT ST,8398 Lindbergh Blvd,15445,889
1730 W CHELTENHAM AVE,6027 Chestnut St,17639,2003
128-30 CHESTNUT ST,2530 Wharton St,15014,1030
3447 N 2ND ST,6027 Chestnut St,16517,1914
217 E WESTMORELAND ST,100 E. Lehigh Ave.,1397,317
128-30 CHESTNUT ST,1510 W Oxford St,5233,966
1126-36 ARCH ST,4700 Wyalusing Ave.,7562,1033
1730 W CHELTENHAM AVE,3101 Ridge Ave.,11804,1333
769 E HILTON ST,6434 Castor Ave,6713,931
769 E HILTON ST,4520 Benner St,5937,1041
2847-67 HOLME AVE,3223 W Clifford St,26317,1590
769 E HILTON ST,2455 S. 3rd Street,14088,1196
5039 FRANKFORD AVE,3223 W Clifford St,17423,1307
128-30 CHESTNUT ST,3101 Ridge Ave.,11240,1046
1126-36 ARCH ST,2000 N 11th St,3460,708
5041 TORRESDALE AVE,4520 Benner St,1574,299
1307-09 W NEDRO AVE,935 S 53rd St,20817,1747
1126-36 ARCH ST,2059 E Chelten Ave,12768,1064
128-30 CHESTNUT ST,169 W. Wyoming Ave.,19563,1233
1126-36 ARCH ST,1220 S. 58th St,11257,1345
217 E WESTMORELAND ST,1220 S. 58th St,17705,1857
3447 N 2ND ST,935 S 53rd St,16729,1740
5041 TORRESDALE AVE,4355 Paul St,1643,252
5041 TORRESDALE AVE,4667 Paul St.,1916,367
1126-36 ARCH ST,735 W. Butler St.,15969,1224
1730 W CHELTENHAM AVE,1429 W Clearfield St,7811,1141
217 E WESTMORELAND ST,8398 Lindbergh Blvd,22106,1557
3447 N 2ND ST,3223 W Clifford St,5952,1007
769 E HILTON ST,100 E. Lehigh Ave.,2195,494
1730 W CHELTENHAM AVE,3223 W Clifford St,12524,1428
1519 REED ST,1419 Wharton St,391,112
1126-36 ARCH ST,2530 Wharton St,7708,952
1126-36 ARCH ST,537 E. Wyoming Ave.,17683,1318
401 N 64TH ST,769 N 39th St,4318,762
912-28 WALNUT ST,2000 N 11th St,4006,874
128-30 CHESTNUT ST,735 W. Butler St.,8194,1530
217 E WESTMORELAND ST,2000 N 11th St,4073,745
128-30 CHESTNUT ST,935 S 53rd St,13380,1270
769 E HILTON ST,4667 Paul St.,3767,723
1519 REED ST,4355 Paul St,15109,1468
401 N 64TH ST,935 S 53rd St,4413,676
128-30 CHESTNUT ST,6500 Castor Ave,15878,1420
618 SOUTH ST,1429 W Clearfield St,8093,1346
128-30 CHESTNUT ST,2059 E Chelten Ave,12686,1003
5041 TORRESDALE AVE,2059 E Chelten Ave,923,180
128-30 CHESTNUT ST,521-23 W. Lehigh Ave.,5615,1037
128-30 CHESTNUT ST,100 E. Lehigh Ave.,7590,945
1126-36 ARCH ST,521-23 W. Lehigh Ave.,5359,1007
618 SOUTH ST,2000 N 11th St,5295,985
401 N 64TH ST,6027 Chestnut St,1490,238
1126-36 ARCH ST,180 E Tulpehocken St,16283,1366
128-30 CHESTNUT ST,6027 Chestnut St,15075,1530
401 N 64TH ST,2530 Wharton St,8067,1287
769 E HILTON ST,935 S 53rd St,17406,1640
401 N 64TH ST,1220 S. 58th St,3784,584
3447 N 2ND ST,2000 N 11th St,3835,660
128-30 CHESTNUT ST,1220 S. 58th St,20157,1437
1126-36 ARCH ST,1429 W Clearfield St,6043,1027
5039 FRANKFORD AVE,100 E. Lehigh Ave.,6174,1124
3447 N 2ND ST,1220 S. 58th St,18289,1922
769 E HILTON ST,2000 N 11th St,4579,921
1519 REED ST,1429 W Clearfield St,8319,1566
5041 TORRESDALE AVE,537 E. Wyoming Ave.,4644,649
128-30 CHESTNUT ST,6434 Castor Ave,15807,1424
128-30 CHESTNUT ST,4520 Benner St,13638,1111
128-30 CHESTNUT ST,4667 Paul St.,12750,1086
1126-36 ARCH ST,6434 Castor Ave,15889,1485
128-30 CHESTNUT ST,537 E. Wyoming Ave.,14730,1273
1519 REED ST,2530 Wharton St,1655,349
2847-67 HOLME AVE,1429 W Clearfield St,14487,1635
1307-09 W NEDRO AVE,3223 W Clifford St,10737,1160
128-30 CHESTNUT ST,2000 N 11th St,4977,944
128-30 CHESTNUT ST,900 E Howell St,15855,1538
1519 REED ST,1510 W Oxford St,5776,1228
1126-36 ARCH ST,6500 Castor Ave,15960,1481
128-30 CHESTNUT ST,4355 Paul St,11560,930
1730 W CHELTENHAM AVE,1220 S. 58th St,24164,2196
128-30 CHESTNUT ST,1429 W Clearfield St,7776,1304
1307-09 W NEDRO AVE,100 E. Lehigh Ave.,7656,1280
128-30 CHESTNUT ST,180 E Tulpehocken St,19967,1473
401 N 64TH ST,3223 W Clifford St,6163,1070
5041 TORRESDALE AVE,169 W. Wyoming Ave.,6180,866
1126-36 ARCH ST,8398 Lindbergh Blvd,17869,1160
5041 TORRESDALE AVE,704 W Girard Ave,11649,927
5041 TORRESDALE AVE,900 E Howell St,3606,669
769 E HILTON ST,1510 W Oxford St,6226,1059
769 E HILTON ST,180 E Tulpehocken St,9689,1439
769 E HILTON ST,521-23 W. Lehigh Ave.,2975,607
1730 W CHELTENHAM AVE,935 S 53rd St,22603,2014
1126-36 ARCH ST,100 E. Lehigh Ave.,7673,1006
1519 REED ST,4700 Wyalusing Ave.,7345,1374
1519 REED ST,935 S 53rd St,5986,1055
1730 W CHELTENHAM AVE,100 E. Lehigh Ave.,10065,1478
5039 FRANKFORD AVE,2000 N 11th St,14317,1404
5041 TORRESDALE AVE,3223 W Clifford St,16091,1073
5041 TORRESDALE AVE,1429 W Clearfield St,7422,1092
769 E HILTON ST,1419 Wharton St,12734,1471
5041 TORRESDALE AVE,2455 S. 3rd Street,15875,983
1519 REED ST,1220 S. 58th St,7546,1236
1519 REED ST,8398 Lindbergh Blvd,10600,1113
5041 TORRESDALE AVE,6434 Castor Ave,4135,593
1519 REED ST,3001 Walnut St.,3375,695
401 N 64TH ST,6434 Castor Ave,20156,1953
5041 TORRESDALE AVE,2000 N 11th St,12985,1169
391 LYCEUM AVE,180 E Tulpehocken St,5044,689
1730 W CHELTENHAM AVE,2455 S. 3rd Street,26424,1983
391 LYCEUM AVE,2000 N 11th St,10142,1383
5041 TORRESDALE AVE,3101 Ridge Ave.,17052,1203
391 LYCEUM AVE,100 E. Lehigh Ave.,10734,1544
401 N 64TH ST,3101 Ridge Ave.,7124,1201
5041 TORRESDALE AVE,935 S 53rd St,19193,1427
1519 REED ST,2059 E Chelten Ave,16235,1542
5041 TORRESDALE AVE,6500 Castor Ave,4207,589
401 N 64TH ST,4667 Paul St.,19606,1989
769 E HILTON ST,8398 Lindbergh Blvd,23367,1521
5041 TORRESDALE AVE,1419 Wharton St,14521,1258
391 LYCEUM AVE,3101 Ridge Ave.,6405,874
401 N 64TH ST,2000 N 11th St,9665,1718
1307-09 W NEDRO AVE,2000 N 11th St,7761,1270
5041 TORRESDALE AVE,1510 W Oxford St,10803,1221
1730 W CHELTENHAM AVE,2000 N 11th St,10269,1536
1519 REED ST,537 E. Wyoming Ave.,20776,1601
1519 REED ST,100 E. Lehigh Ave.,11140,1483
6755 WYNCOTE AVE,100 E. Lehigh Ave.,9738,1627
391 LYCEUM AVE,521-23 W. Lehigh Ave.,9492,1303
618 SOUTH ST,100 E. Lehigh Ave.,8174,1118
5041 TORRESDALE AVE,2530 Wharton St,17205,1215
2847-67 HOLME AVE,100 E. Lehigh Ave.,18446,1442
5041 TORRESDALE AVE,735 W. Butler St.,6955,997
1519 REED ST,769 N 39th St,6164,1188
401 N 64TH ST,521-23 W. Lehigh Ave.,10608,1832
769 E HILTON ST,1220 S. 58th St,18966,1822
391 LYCEUM AVE,169 W. Wyoming Ave.,9499,919
1519 REED ST,521-23 W. Lehigh Ave.,8550,1594
1519 REED ST,3101 Ridge Ave.,10649,1224
912-28 WALNUT ST,100 E. Lehigh Ave.,8266,1125
1519 REED ST,2703 Tasker St,1831,386
401 N 64TH ST,4355 Paul St,20131,1800
391 LYCEUM AVE,4355 Paul St,14791,1591
6755 WYNCOTE AVE,180 E Tulpehocken St,3201,478
1519 REED ST,704 W Girard Ave,5784,1193
401 N 64TH ST,704 W Girard Ave,8804,1562
1519 REED ST,2000 N 11th St,6646,1349
391 LYCEUM AVE,1429 W Clearfield St,7692,1010
769 E HILTON ST,6027 Chestnut St,19100,1900
401 N 64TH ST,4520 Benner St,22209,1982
5041 TORRESDALE AVE,8398 Lindbergh Blvd,25154,1308
391 LYCEUM AVE,704 W Girard Ave,15119,1366
391 LYCEUM AVE,6434 Castor Ave,14827,1494
391 LYCEUM AVE,537 E. Wyoming Ave.,11304,1110
401 N 64TH ST,735 W. Butler St.,14919,1475
1519 REED ST,900 E Howell St,23243,1929
391 LYCEUM AVE,735 W. Butler St.,9590,1017
391 LYCEUM AVE,2530 Wharton St,14816,1295
2006 ORTHODOX ST,4520 Benner St,2357,425
1126-36 ARCH ST,1801 W Diamond St,4665,884
5041 TORRESDALE AVE,521-23 W. Lehigh Ave.,6692,1110
5041 TORRESDALE AVE,3001 Walnut St.,14722,1116
401 N 64TH ST,100 E. Lehigh Ave.,16162,1815
401 N 64TH ST,6500 Castor Ave,20156,1946
401 N 64TH ST,5901 Larchwood Ave,2459,382
5041 TORRESDALE AVE,180 E Tulpehocken St,12198,1668
391 LYCEUM AVE,935 S 53rd St,16804,1507
128-30 CHESTNUT ST,1801 W Diamond St,6397,1161
5041 TORRESDALE AVE,769 N 39th St,15045,1161
391 LYCEUM AVE,3223 W Clifford St,9391,945
1519 REED ST,6434 Castor Ave,24300,1985
6755 WYNCOTE AVE,169 W. Wyoming Ave.,6149,934
3447 N 2ND ST,1801 W Diamond St,4363,707
2006 ORTHODOX ST,2059 E Chelten Ave,1706,306
391 LYCEUM AVE,4700 Wyalusing Ave.,10397,1049
401 N 64TH ST,180 E Tulpehocken St,12616,1577
401 N 64TH ST,537 E. Wyoming Ave.,16633,1569
1519 REED ST,169 W. Wyoming Ave.,18972,1410
217 E WESTMORELAND ST,1801 W Diamond St,4602,778
1519 REED ST,735 W. Butler St.,19062,1508
6755 WYNCOTE AVE,537 E. Wyoming Ave.,7079,1019
912-28 WALNUT ST,1801 W Diamond St,5211,1051
401 N 64TH ST,1801 W Diamond St,8352,1463
391 LYCEUM AVE,6027 Chestnut St,10880,1500
391 LYCEUM AVE,4520 Benner St,16631,1692
1519 REED ST,4520 Benner St,17187,1649
2006 ORTHODOX ST,4355 Paul St,1083,174
2006 ORTHODOX ST,900 E Howell St,3925,731
1519 REED ST,1801 W Diamond St,6941,1423
7722 RICHARD ST,6434 Castor Ave,3727,477
5041 TORRESDALE AVE,6027 Chestnut St,20887,1687
1519 REED ST,6500 Castor Ave,24300,1979
391 LYCEUM AVE,6500 Castor Ave,14827,1488
401 N 64TH ST,1429 W Clearfield St,15153,1611
6755 WYNCOTE AVE,6434 Castor Ave,8047,1085
401 N 64TH ST,2059 E Chelten Ave,21257,1874
618 SOUTH ST,2703 Tasker St,4650,907
2006 ORTHODOX ST,537 E. Wyoming Ave.,4084,571
1519 REED ST,180 E Tulpehocken St,19375,1650
2006 ORTHODOX ST,4667 Paul St.,1356,289
6755 WYNCOTE AVE,769 N 39th St,14493,1353
5041 TORRESDALE AVE,100 E. Lehigh Ave.,5911,997
1519 REED ST,4667 Paul St.,16299,1624
401 N 64TH ST,2703 Tasker St,8351,1349
391 LYCEUM AVE,1510 W Oxford St,10429,1400
2006 ORTHODOX ST,6500 Castor Ave,4156,729
2847-67 HOLME AVE,2000 N 11th St,23211,1686
6755 WYNCOTE AVE,900 E Howell St,7680,994
6755 WYNCOTE AVE,735 W. Butler St.,6248,1005
618 SOUTH ST,1801 W Diamond St,6715,1203
7722 RICHARD ST,900 E Howell St,5275,619
1730 W CHELTENHAM AVE,1801 W Diamond St,10040,1492
912-28 WALNUT ST,5901 Larchwood Ave,7692,1425
912-28 WALNUT ST,2703 Tasker St,4607,894
2006 ORTHODOX ST,169 W. Wyoming Ave.,5620,788
1126-36 ARCH ST,2703 Tasker St,5252,1098
2006 ORTHODOX ST,2455 S. 3rd Street,15904,1001
5041 TORRESDALE AVE,1220 S. 58th St,20753,1608
7722 RICHARD ST,6500 Castor Ave,3068,475
7722 RICHARD ST,537 E. Wyoming Ave.,7794,832
391 LYCEUM AVE,1801 W Diamond St,8811,1234
1307-09 W NEDRO AVE,1801 W Diamond St,7531,1226
5041 TORRESDALE AVE,1801 W Diamond St,9618,1432
1519 REED ST,5901 Larchwood Ave,7267,1288
769 E HILTON ST,1801 W Diamond St,5710,997
2006 ORTHODOX ST,2530 Wharton St,17234,1233
2006 ORTHODOX ST,3223 W Clifford St,16120,1090
7722 RICHARD ST,4520 Benner St,4547,577
3447 N 2ND ST,2703 Tasker St,15025,1590
2847-67 HOLME AVE,1801 W Diamond St,16716,1987
6755 WYNCOTE AVE,4700 Wyalusing Ave.,15121,1429
5041 TORRESDALE AVE,5901 Larchwood Ave,20474,1660
769 E HILTON ST,2703 Tasker St,15702,1490
2006 ORTHODOX ST,3001 Walnut St.,14752,1134
6755 WYNCOTE AVE,4355 Paul St,9109,1393
1307-09 W NEDRO AVE,5901 Larchwood Ave,16321,1893
5041 TORRESDALE AVE,4700 Wyalusing Ave.,17058,1296
2006 ORTHODOX ST,4700 Wyalusing Ave.,17087,1314
7722 RICHARD ST,2059 E Chelten Ave,4913,592
1126-36 ARCH ST,5901 Larchwood Ave,8508,1496
217 E WESTMORELAND ST,5901 Larchwood Ave,17426,1909
7722 RICHARD ST,169 W. Wyoming Ave.,8720,927
5039 FRANKFORD AVE,1801 W Diamond St,10611,1487
3447 N 2ND ST,5901 Larchwood Ave,18011,1974
769 E HILTON ST,5901 Larchwood Ave,18687,1874
769 E HILTON ST,4700 Wyalusing Ave.,16418,1554
6755 WYNCOTE AVE,6500 Castor Ave,8072,1085
2006 ORTHODOX ST,3101 Ridge Ave.,17082,1221
2006 ORTHODOX ST,521-23 W. Lehigh Ave.,6132,1032
2006 ORTHODOX ST,100 E. Lehigh Ave.,5351,919
391 LYCEUM AVE,8398 Lindbergh Blvd,23595,1577
128-30 CHESTNUT ST,2703 Tasker St,14217,981
6755 WYNCOTE AVE,2703 Tasker St,19823,1737
6755 WYNCOTE AVE,521-23 W. Lehigh Ave.,8404,1373
391 LYCEUM AVE,4667 Paul St.,14277,1531
7722 RICHARD ST,4355 Paul St,6773,940
6755 WYNCOTE AVE,3001 Walnut St.,17098,1533
7722 RICHARD ST,735 W. Butler St.,10927,1213
2006 ORTHODOX ST,735 W. Butler St.,6395,919
391 LYCEUM AVE,2703 Tasker St,15100,1357
6755 WYNCOTE AVE,704 W Girard Ave,11153,1708
2006 ORTHODOX ST,1429 W Clearfield St,6862,1014
1307-09 W NEDRO AVE,2703 Tasker St,19113,1596
5039 FRANKFORD AVE,2703 Tasker St,18821,1511
6755 WYNCOTE AVE,2530 Wharton St,19539,1675
6755 WYNCOTE AVE,935 S 53rd St,21527,1887
2006 ORTHODOX ST,5901 Larchwood Ave,20503,1678
6755 WYNCOTE AVE,3101 Ridge Ave.,10728,1206
217 E WESTMORELAND ST,2703 Tasker St,14441,1526
391 LYCEUM AVE,1419 Wharton St,15136,1514
6755 WYNCOTE AVE,3223 W Clifford St,11448,1300
618 SOUTH ST,5901 Larchwood Ave,9162,1552
7722 RICHARD ST,1429 W Clearfield St,12595,1400
6755 WYNCOTE AVE,4667 Paul St.,8595,1333
6755 WYNCOTE AVE,2059 E Chelten Ave,10308,1485
5041 TORRESDALE AVE,2703 Tasker St,17489,1277
6755 WYNCOTE AVE,2000 N 11th St,9539,1481
7722 RICHARD ST,3223 W Clifford St,17438,1605
2006 ORTHODOX ST,1220 S. 58th St,20782,1626
6755 WYNCOTE AVE,1429 W Clearfield St,7080,1085
2006 ORTHODOX ST,180 E Tulpehocken St,11321,1606
391 LYCEUM AVE,5901 Larchwood Ave,11850,1644
6755 WYNCOTE AVE,5901 Larchwood Ave,17032,2034
7722 RICHARD ST,180 E Tulpehocken St,14599,1656
7722 RICHARD ST,704 W Girard Ave,19332,1511
7722 RICHARD ST,3101 Ridge Ave.,16719,1510
2006 ORTHODOX ST,1801 W Diamond St,9058,1354
2006 ORTHODOX ST,1510 W Oxford St,10832,1239
7722 RICHARD ST,100 E. Lehigh Ave.,11765,1460
6755 WYNCOTE AVE,6027 Chestnut St,16563,1875
7722 RICHARD ST,2703 Tasker St,25172,1860
2006 ORTHODOX ST,1419 Wharton St,14550,1276
2006 ORTHODOX ST,704 W Girard Ave,11679,945
1730 W CHELTENHAM AVE,2703 Tasker St,20899,1864
6755 WYNCOTE AVE,8398 Lindbergh Blvd,28318,1957
7722 RICHARD ST,1801 W Diamond St,14824,1752
2006 ORTHODOX ST,769 N 39th St,15075,1179
6755 WYNCOTE AVE,1801 W Diamond St,9309,1437
6755 WYNCOTE AVE,4520 Benner St,10944,1492
7722 RICHARD ST,4700 Wyalusing Ave.,21112,1734
128-30 CHESTNUT ST,5901 Larchwood Ave,14662,1504
2006 ORTHODOX ST,6027 Chestnut St,20917,1705
7722 RICHARD ST,4667 Paul St.,6464,865
6755 WYNCOTE AVE,2455 S. 3rd Street,25348,1855
6755 WYNCOTE AVE,1220 S. 58th St,23087,2068
2006 ORTHODOX ST,2000 N 11th St,13015,1187
7722 RICHARD ST,2000 N 11th St,13917,1744
7722 RICHARD ST,769 N 39th St,20484,1658
2006 ORTHODOX ST,935 S 53rd St,19222,1445
5039 FRANKFORD AVE,5901 Larchwood Ave,21806,1895
7722 RICHARD ST,1220 S. 58th St,28436,2192
6755 WYNCOTE AVE,1419 Wharton St,19860,1894
7722 RICHARD ST,2530 Wharton St,24888,1799
7722 RICHARD ST,3001 Walnut St.,22405,1700
1730 W CHELTENHAM AVE,5901 Larchwood Ave,18108,2161
7722 RICHARD ST,5901 Larchwood Ave,23022,2338
6755 WYNCOTE AVE,1510 W Oxford St,9826,1498
401 N 64TH ST,1419 Wharton St,9655,1610
7722 RICHARD ST,1510 W Oxford St,15340,1813
7722 RICHARD ST,8398 Lindbergh Blvd,32837,1892
7722 RICHARD ST,1419 Wharton St,22204,1842
2006 ORTHODOX ST,8398 Lindbergh Blvd,25183,1326
7722 RICHARD ST,2455 S. 3rd Street,23558,1567
7722 RICHARD ST,521-23 W. Lehigh Ave.,12348,1505
2847-67 HOLME AVE,5901 Larchwood Ave,30700,2177
2006 ORTHODOX ST,2703 Tasker St,17518,1294
7722 RICHARD ST,6027 Chestnut St,22554,2180
7722 RICHARD ST,935 S 53rd St,26876,2011
1519 REED ST,6027 Chestnut St,8600,1424
2847-67 HOLME AVE,2703 Tasker St,27715,1793
201 S 60TH ST,4700 Wyalusing Ave.,3125,523
625 S 16TH ST,3001 Walnut St.,2172,417
1828 SOUTH ST,3001 Walnut St.,1890,368
1828 SOUTH ST,1419 Wharton St,1588,366
201 S 60TH ST,5901 Larchwood Ave,702,154
625 S 16TH ST,2530 Wharton St,3158,607
201 S 60TH ST,769 N 39th St,4756,708
625 S 16TH ST,769 N 39th St,5107,939
3088 FRANKFORD AVE,4667 Paul St.,3982,695
625 S 16TH ST,1419 Wharton St,1327,308
625 S 16TH ST,704 W Girard Ave,4449,938
201 S 60TH ST,935 S 53rd St,3026,476
201 S 60TH ST,3001 Walnut St.,5316,817
625 S 16TH ST,1510 W Oxford St,4441,972
201 S 60TH ST,6027 Chestnut St,446,92
201 S 60TH ST,2530 Wharton St,6680,1087
1828 SOUTH ST,3101 Ridge Ave.,7898,947
1828 SOUTH ST,2530 Wharton St,2876,558
201 S 60TH ST,3223 W Clifford St,6713,1123
5301 OXFORD AVE,900 E Howell St,1399,268
1828 SOUTH ST,2703 Tasker St,3128,602
201 S 60TH ST,8398 Lindbergh Blvd,9862,1332
1828 SOUTH ST,5901 Larchwood Ave,7227,1144
625 S 16TH ST,8398 Lindbergh Blvd,13386,1093
5301 OXFORD AVE,4520 Benner St,3432,516
1828 SOUTH ST,1801 W Diamond St,5295,1239
1828 SOUTH ST,2000 N 11th St,5704,1177
625 S 16TH ST,935 S 53rd St,6595,1023
201 S 60TH ST,1220 S. 58th St,2105,443
625 S 16TH ST,3223 W Clifford St,7218,866
625 S 16TH ST,2455 S. 3rd Street,4667,962
625 S 16TH ST,2703 Tasker St,3411,647
5301 OXFORD AVE,4355 Paul St,3224,522
201 S 60TH ST,704 W Girard Ave,10585,1484
625 S 16TH ST,6027 Chestnut St,7543,1165
1828 SOUTH ST,704 W Girard Ave,4843,1021
1828 SOUTH ST,1220 S. 58th St,7873,1155
625 S 16TH ST,735 W. Butler St.,16593,1280
1828 SOUTH ST,3223 W Clifford St,6936,816
5301 OXFORD AVE,537 E. Wyoming Ave.,3560,446
1828 SOUTH ST,1429 W Clearfield St,7378,1394
1828 SOUTH ST,4700 Wyalusing Ave.,6006,1076
5301 OXFORD AVE,169 W. Wyoming Ave.,4440,597
5301 OXFORD AVE,6500 Castor Ave,1630,266
1828 SOUTH ST,521-23 W. Lehigh Ave.,7609,1421
1828 SOUTH ST,169 W. Wyoming Ave.,16221,1133
625 S 16TH ST,3101 Ridge Ave.,8180,996
5301 OXFORD AVE,2059 E Chelten Ave,2792,448
1828 SOUTH ST,6027 Chestnut St,7261,1116
201 S 60TH ST,2703 Tasker St,6964,1149
201 S 60TH ST,169 W. Wyoming Ave.,15379,1430
625 S 16TH ST,4355 Paul St,13435,1291
625 S 16TH ST,1801 W Diamond St,5033,1169
1828 SOUTH ST,935 S 53rd St,6313,974
201 S 60TH ST,2000 N 11th St,11014,1670
625 S 16TH ST,169 W. Wyoming Ave.,16503,1183
1828 SOUTH ST,100 E. Lehigh Ave.,12411,1293
625 S 16TH ST,1220 S. 58th St,8155,1204
625 S 16TH ST,900 E Howell St,20774,1702
625 S 16TH ST,4520 Benner St,15513,1472
1828 SOUTH ST,769 N 39th St,4825,890
625 S 16TH ST,5901 Larchwood Ave,7509,1193
1828 SOUTH ST,6500 Castor Ave,21549,1702
201 S 60TH ST,735 W. Butler St.,15469,1527
201 S 60TH ST,1419 Wharton St,8269,1410
5301 OXFORD AVE,100 E. Lehigh Ave.,6770,1145
1828 SOUTH ST,2455 S. 3rd Street,4928,1020
625 S 16TH ST,180 E Tulpehocken St,16907,1422
625 S 16TH ST,4667 Paul St.,14625,1447
1828 SOUTH ST,735 W. Butler St.,16311,1231
5301 OXFORD AVE,6434 Castor Ave,1630,273
201 S 60TH ST,3101 Ridge Ave.,7675,1253
625 S 16TH ST,537 E. Wyoming Ave.,18307,1374
625 S 16TH ST,521-23 W. Lehigh Ave.,7215,1338
625 S 16TH ST,2059 E Chelten Ave,14561,1365
201 S 60TH ST,1801 W Diamond St,8902,1516
201 S 60TH ST,1510 W Oxford St,10145,1549
1828 SOUTH ST,4520 Benner St,18458,1459
1828 SOUTH ST,2059 E Chelten Ave,17506,1352
201 S 60TH ST,180 E Tulpehocken St,15783,1669
625 S 16TH ST,6500 Castor Ave,21831,1751
625 S 16TH ST,4700 Wyalusing Ave.,6288,1125
1828 SOUTH ST,8398 Lindbergh Blvd,13104,1043
201 S 60TH ST,2455 S. 3rd Street,15103,1618
9745R E ROOSEVELT BLVD,4667 Paul St.,11814,1371
5301 OXFORD AVE,2000 N 11th St,9682,1363
201 S 60TH ST,4667 Paul St.,20332,1905
1828 SOUTH ST,537 E. Wyoming Ave.,18025,1325
5301 OXFORD AVE,4667 Paul St.,1899,420
2654 S 7TH ST,2455 S. 3rd Street,1398,303
201 S 60TH ST,537 E. Wyoming Ave.,17183,1621
9745R E ROOSEVELT BLVD,6434 Castor Ave,9099,987
5301 OXFORD AVE,2530 Wharton St,21250,1649
625 S 16TH ST,1429 W Clearfield St,6984,1310
5158 HAVERFORD AVE,2059 E Chelten Ave,18390,1563
625 S 16TH ST,100 E. Lehigh Ave.,9466,1306
1828 SOUTH ST,6434 Castor Ave,21549,1709
201 S 60TH ST,2059 E Chelten Ave,20268,1823
625 S 16TH ST,6434 Castor Ave,21831,1758
1828 SOUTH ST,4667 Paul St.,17570,1435
201 S 60TH ST,100 E. Lehigh Ave.,15173,1764
201 S 60TH ST,4355 Paul St,19142,1749
201 S 60TH ST,521-23 W. Lehigh Ave.,11159,1885
5301 OXFORD AVE,180 E Tulpehocken St,10320,1325
1828 SOUTH ST,180 E Tulpehocken St,16624,1373
5301 OXFORD AVE,735 W. Butler St.,6648,883
201 S 60TH ST,6434 Castor Ave,20707,2005
5301 OXFORD AVE,3223 W Clifford St,13159,1275
1828 SOUTH ST,4355 Paul St,16380,1278
5301 OXFORD AVE,3101 Ridge Ave.,12439,1180
5301 OXFORD AVE,2703 Tasker St,21534,1711
201 S 60TH ST,1429 W Clearfield St,15703,1663
9745R E ROOSEVELT BLVD,4520 Benner St,9897,1083
9745R E ROOSEVELT BLVD,169 W. Wyoming Ave.,14070,1434
5301 OXFORD AVE,521-23 W. Lehigh Ave.,8114,1124
5301 OXFORD AVE,2455 S. 3rd Street,19129,1449
5158 HAVERFORD AVE,769 N 39th St,2222,416
9745R E ROOSEVELT BLVD,2000 N 11th St,27097,2089
201 S 60TH ST,900 E Howell St,19650,1949
5301 OXFORD AVE,769 N 39th St,16205,1327
5301 OXFORD AVE,1429 W Clearfield St,8315,1070
2654 S 7TH ST,2530 Wharton St,7794,799
2654 S 7TH ST,8398 Lindbergh Blvd,10125,1045
5301 OXFORD AVE,6027 Chestnut St,18274,1849
1828 SOUTH ST,900 E Howell St,20492,1653
5301 OXFORD AVE,4700 Wyalusing Ave.,16832,1403
2654 S 7TH ST,3001 Walnut St.,9674,871
2654 S 7TH ST,935 S 53rd St,10157,1136
9745R E ROOSEVELT BLVD,6500 Castor Ave,9099,997
2654 S 7TH ST,704 W Girard Ave,9809,974
201 S 60TH ST,6500 Castor Ave,20707,1998
5158 HAVERFORD AVE,935 S 53rd St,2543,478
9745R E ROOSEVELT BLVD,4355 Paul St,12123,1446
201 S 60TH ST,4520 Benner St,21220,1930
9745R E ROOSEVELT BLVD,1419 Wharton St,28633,2178
2654 S 7TH ST,2000 N 11th St,11145,1216
9745R E ROOSEVELT BLVD,900 E Howell St,10625,1126
5158 HAVERFORD AVE,1220 S. 58th St,3427,628
625 S 16TH ST,2000 N 11th St,5310,1094
5301 OXFORD AVE,5901 Larchwood Ave,18743,2008
5650 CHEW AVE,180 E Tulpehocken St,1455,227
2654 S 7TH ST,1419 Wharton St,3376,723
9745R E ROOSEVELT BLVD,935 S 53rd St,33305,2347
5158 HAVERFORD AVE,2530 Wharton St,5674,981
5158 HAVERFORD AVE,521-23 W. Lehigh Ave.,9382,1588
2654 S 7TH ST,3223 W Clifford St,13413,1102
9745R E ROOSEVELT BLVD,2059 E Chelten Ave,10263,1099
5158 HAVERFORD AVE,6027 Chestnut St,2667,471
9745R E ROOSEVELT BLVD,3223 W Clifford St,22789,2111
9745R E ROOSEVELT BLVD,537 E. Wyoming Ave.,13145,1338
9745R E ROOSEVELT BLVD,4700 Wyalusing Ave.,26462,2240
5301 OXFORD AVE,3001 Walnut St.,18809,1507
5158 HAVERFORD AVE,3001 Walnut St.,4310,715
9745R E ROOSEVELT BLVD,1429 W Clearfield St,17945,1907
2654 S 7TH ST,735 W. Butler St.,22788,1516
5158 HAVERFORD AVE,1429 W Clearfield St,13926,1367
9745R E ROOSEVELT BLVD,735 W. Butler St.,16278,1720
5301 OXFORD AVE,8398 Lindbergh Blvd,28408,1774
9745R E ROOSEVELT BLVD,2455 S. 3rd Street,29987,1903
5158 HAVERFORD AVE,3223 W Clifford St,4936,826
2654 S 7TH ST,4520 Benner St,19014,1398
1828 SOUTH ST,1510 W Oxford St,4835,1055
2654 S 7TH ST,521-23 W. Lehigh Ave.,11713,1339
5158 HAVERFORD AVE,1419 Wharton St,7263,1303
2654 S 7TH ST,1510 W Oxford St,10925,1254
5301 OXFORD AVE,935 S 53rd St,23239,1861
2654 S 7TH ST,2703 Tasker St,4370,852
4620R-40 E ROOSEVELT BLVD,537 E. Wyoming Ave.,2247,390
2654 S 7TH ST,4700 Wyalusing Ave.,14381,1325
5158 HAVERFORD AVE,2703 Tasker St,5958,1042
5301 OXFORD AVE,704 W Girard Ave,14903,1393
2654 S 7TH ST,2059 E Chelten Ave,18063,1290
5158 HAVERFORD AVE,2455 S. 3rd Street,14212,1334
2654 S 7TH ST,1429 W Clearfield St,13468,1592
5650 CHEW AVE,537 E. Wyoming Ave.,6663,953
5650 CHEW AVE,169 W. Wyoming Ave.,4856,760
5301 OXFORD AVE,1510 W Oxford St,11061,1483
4620R-40 E ROOSEVELT BLVD,169 W. Wyoming Ave.,3056,466
2654 S 7TH ST,769 N 39th St,10350,1273
9745R E ROOSEVELT BLVD,3101 Ridge Ave.,22069,2017
5650 CHEW AVE,1429 W Clearfield St,5787,911
5650 CHEW AVE,735 W. Butler St.,4955,830
5158 HAVERFORD AVE,100 E. Lehigh Ave.,13294,1505
5158 HAVERFORD AVE,1801 W Diamond St,7125,1219
4620R-40 E ROOSEVELT BLVD,900 E Howell St,2276,498
5301 OXFORD AVE,1801 W Diamond St,10544,1421
2654 S 7TH ST,169 W. Wyoming Ave.,22698,1419
2654 S 7TH ST,5901 Larchwood Ave,11438,1369
2654 S 7TH ST,3101 Ridge Ave.,14375,1232
4620R-40 E ROOSEVELT BLVD,6434 Castor Ave,3327,555
2654 S 7TH ST,1220 S. 58th St,8792,1233
5158 HAVERFORD AVE,169 W. Wyoming Ave.,13602,1133
2654 S 7TH ST,4355 Paul St,16937,1217
5158 HAVERFORD AVE,735 W. Butler St.,13692,1231
5158 HAVERFORD AVE,2000 N 11th St,8427,1453
9745R E ROOSEVELT BLVD,100 E. Lehigh Ave.,22332,1845
4620R-40 E ROOSEVELT BLVD,4520 Benner St,5136,752
5650 CHEW AVE,4520 Benner St,11990,1535
3088 FRANKFORD AVE,100 E. Lehigh Ave.,1971,376
5301 OXFORD AVE,1220 S. 58th St,24799,2042
5650 CHEW AVE,521-23 W. Lehigh Ave.,7111,1198
5301 OXFORD AVE,1419 Wharton St,17775,1724
5158 HAVERFORD AVE,704 W Girard Ave,7566,1297
2654 S 7TH ST,900 E Howell St,21232,1824
5158 HAVERFORD AVE,4700 Wyalusing Ave.,1348,229
9745R E ROOSEVELT BLVD,3001 Walnut St.,28834,2037
5158 HAVERFORD AVE,3101 Ridge Ave.,5898,957
5650 CHEW AVE,4355 Paul St,10150,1434
2654 S 7TH ST,180 E Tulpehocken St,23102,1658
2654 S 7TH ST,537 E. Wyoming Ave.,20106,1560
5650 CHEW AVE,3101 Ridge Ave.,8750,1015
9745R E ROOSEVELT BLVD,180 E Tulpehocken St,19182,2096
9745R E ROOSEVELT BLVD,521-23 W. Lehigh Ave.,17699,2011
5158 HAVERFORD AVE,5901 Larchwood Ave,2976,510
9745R E ROOSEVELT BLVD,1801 W Diamond St,20174,2258
5158 HAVERFORD AVE,6434 Castor Ave,18929,1708
5650 CHEW AVE,6500 Castor Ave,10186,1331
3088 FRANKFORD AVE,169 W. Wyoming Ave.,4684,788
3088 FRANKFORD AVE,537 E. Wyoming Ave.,3951,648
5650 CHEW AVE,2455 S. 3rd Street,23369,1665
5650 CHEW AVE,2703 Tasker St,17845,1546
5650 CHEW AVE,6434 Castor Ave,10186,1337
9745R E ROOSEVELT BLVD,8398 Lindbergh Blvd,39266,2228
5158 HAVERFORD AVE,4355 Paul St,17264,1490
9745R E ROOSEVELT BLVD,2703 Tasker St,31601,2197
5158 HAVERFORD AVE,180 E Tulpehocken St,14005,1373
9745R E ROOSEVELT BLVD,704 W Girard Ave,25761,1847
5650 CHEW AVE,5901 Larchwood Ave,15053,1843
4620R-40 E ROOSEVELT BLVD,6500 Castor Ave,3327,548
4620R-40 E ROOSEVELT BLVD,3101 Ridge Ave.,11055,1049
5650 CHEW AVE,900 E Howell St,9129,1281
5650 CHEW AVE,2059 E Chelten Ave,11359,1527
4620R-40 E ROOSEVELT BLVD,1429 W Clearfield St,6930,939
4620R-40 E ROOSEVELT BLVD,521-23 W. Lehigh Ave.,6978,1045
4620R-40 E ROOSEVELT BLVD,735 W. Butler St.,5263,752
4620R-40 E ROOSEVELT BLVD,3223 W Clifford St,11774,1143
5158 HAVERFORD AVE,4520 Benner St,19342,1671
5158 HAVERFORD AVE,4667 Paul St.,18454,1646
2654 S 7TH ST,1801 W Diamond St,12090,1450
2654 S 7TH ST,4667 Paul St.,18127,1373
5650 CHEW AVE,769 N 39th St,12515,1162
3088 FRANKFORD AVE,521-23 W. Lehigh Ave.,2751,489
3088 FRANKFORD AVE,4355 Paul St,3528,586
5158 HAVERFORD AVE,1510 W Oxford St,6978,1273
3088 FRANKFORD AVE,900 E Howell St,6931,1008
5650 CHEW AVE,6027 Chestnut St,14585,1685
3088 FRANKFORD AVE,6434 Castor Ave,7401,1037
4620R-40 E ROOSEVELT BLVD,4667 Paul St.,2804,595
5650 CHEW AVE,1419 Wharton St,17881,1703
4620R-40 E ROOSEVELT BLVD,2059 E Chelten Ave,4499,745
3088 FRANKFORD AVE,769 N 39th St,12225,1134
5650 CHEW AVE,2000 N 11th St,8246,1306
5158 HAVERFORD AVE,537 E. Wyoming Ave.,15406,1324
5650 CHEW AVE,4667 Paul St.,9636,1374
4620R-40 E ROOSEVELT BLVD,4355 Paul St,3318,655
2654 S 7TH ST,100 E. Lehigh Ave.,12967,1232
2654 S 7TH ST,6027 Chestnut St,12786,1509
3088 FRANKFORD AVE,704 W Girard Ave,4614,874
4620R-40 E ROOSEVELT BLVD,100 E. Lehigh Ave.,6218,1019
5650 CHEW AVE,4700 Wyalusing Ave.,13142,1238
3088 FRANKFORD AVE,735 W. Butler St.,4770,817
5650 CHEW AVE,935 S 53rd St,19549,1696
3088 FRANKFORD AVE,6500 Castor Ave,7401,1030
3088 FRANKFORD AVE,2059 E Chelten Ave,5890,795
3088 FRANKFORD AVE,2000 N 11th St,3823,763
5650 CHEW AVE,2530 Wharton St,17561,1484
3088 FRANKFORD AVE,1801 W Diamond St,5552,1011
5158 HAVERFORD AVE,900 E Howell St,17873,1652
3088 FRANKFORD AVE,2703 Tasker St,14668,1249
3088 FRANKFORD AVE,2530 Wharton St,14384,1187
9745R E ROOSEVELT BLVD,1510 W Oxford St,24915,2141
4620R-40 E ROOSEVELT BLVD,180 E Tulpehocken St,8935,1194
3088 FRANKFORD AVE,3001 Walnut St.,11902,1089
5650 CHEW AVE,1510 W Oxford St,8533,1324
5158 HAVERFORD AVE,8398 Lindbergh Blvd,11105,1423
4620R-40 E ROOSEVELT BLVD,2703 Tasker St,20150,1580
3088 FRANKFORD AVE,6027 Chestnut St,18067,1659
3088 FRANKFORD AVE,4520 Benner St,6842,902
5650 CHEW AVE,100 E. Lehigh Ave.,8445,1453
5650 CHEW AVE,704 W Girard Ave,9860,1533
4620R-40 E ROOSEVELT BLVD,1801 W Diamond St,9159,1290
9745R E ROOSEVELT BLVD,5901 Larchwood Ave,34586,2581
4620R-40 E ROOSEVELT BLVD,1510 W Oxford St,9676,1352
2654 S 7TH ST,6500 Castor Ave,21255,1707
4620R-40 E ROOSEVELT BLVD,1419 Wharton St,20186,1737
5650 CHEW AVE,3001 Walnut St.,15120,1342
5158 HAVERFORD AVE,6500 Castor Ave,18930,1702
4620R-40 E ROOSEVELT BLVD,2000 N 11th St,8369,1302
5650 CHEW AVE,1801 W Diamond St,8016,1262
3088 FRANKFORD AVE,2455 S. 3rd Street,13054,956
4620R-40 E ROOSEVELT BLVD,2530 Wharton St,19866,1518
5650 CHEW AVE,1220 S. 58th St,21109,1878
5650 CHEW AVE,3223 W Clifford St,9469,1110
4620R-40 E ROOSEVELT BLVD,704 W Girard Ave,11003,1561
3088 FRANKFORD AVE,3223 W Clifford St,13270,1045
2654 S 7TH ST,6434 Castor Ave,21184,1711
9745R E ROOSEVELT BLVD,2530 Wharton St,31317,2135
3088 FRANKFORD AVE,1419 Wharton St,11700,1231
9745R E ROOSEVELT BLVD,769 N 39th St,29157,2082
3088 FRANKFORD AVE,180 E Tulpehocken St,10386,1605
3088 FRANKFORD AVE,4700 Wyalusing Ave.,14237,1269
3088 FRANKFORD AVE,935 S 53rd St,16372,1400
4620R-40 E ROOSEVELT BLVD,769 N 39th St,14820,1196
4620R-40 E ROOSEVELT BLVD,5901 Larchwood Ave,17358,1877
3088 FRANKFORD AVE,1510 W Oxford St,5256,1032
3088 FRANKFORD AVE,3101 Ridge Ave.,6755,1179
5650 CHEW AVE,8398 Lindbergh Blvd,26340,1766
3088 FRANKFORD AVE,1220 S. 58th St,17932,1581
4620R-40 E ROOSEVELT BLVD,2455 S. 3rd Street,18565,1588
3088 FRANKFORD AVE,5901 Larchwood Ave,17654,1633
4620R-40 E ROOSEVELT BLVD,935 S 53rd St,21854,1730
9745R E ROOSEVELT BLVD,1220 S. 58th St,34865,2529
3088 FRANKFORD AVE,1429 W Clearfield St,4478,789
4620R-40 E ROOSEVELT BLVD,6027 Chestnut St,16889,1718
4620R-40 E ROOSEVELT BLVD,3001 Walnut St.,17425,1376
3088 FRANKFORD AVE,8398 Lindbergh Blvd,22333,1280
9745R E ROOSEVELT BLVD,6027 Chestnut St,34999,2607
4620R-40 E ROOSEVELT BLVD,4700 Wyalusing Ave.,15447,1272
4620R-40 E ROOSEVELT BLVD,1220 S. 58th St,23414,1911
4620R-40 E ROOSEVELT BLVD,8398 Lindbergh Blvd,28645,1800
